"route","method","resource","action","account_scope","current_authentication","current_permission_check","required_permission","negative_test","migration_impact","mounted","source_file","source_line"
"/admin/manifest","GET","admin","list","system","none (public build metadata)","none beyond current authentication","public read limited to published/non-secret data","unexpected Authorization does not widen data; unpublished/secret/cross-account object=404; mutation is rate-limited and replay-safe","no tenant-key migration; preserve operational authentication and audit","yes","apps/worker/src/routes/admin-version.ts","36"
"/admin/update/history","GET","admin","list","system","x-admin-api-key router middleware","admin API key","owner|admin|staff + admin.read","unauthenticated=401","no tenant-key migration; preserve operational authentication and audit","yes","apps/worker/src/routes/admin-update.ts","353"
"/admin/update/start","POST","admin","create","system","x-admin-api-key router middleware","account predicate/derivation present in handler; admin API key","owner|admin + admin.create","unauthenticated=401; staff role=403; cookie without CSRF=403","no tenant-key migration; preserve operational authentication and audit","yes","apps/worker/src/routes/admin-update.ts","130"
"/admin/update/status/:id","GET","admin","read","system","x-admin-api-key router middleware","admin API key","owner|admin|staff + admin.read","unauthenticated=401","no tenant-key migration; preserve operational authentication and audit","yes","apps/worker/src/routes/admin-update.ts","233"
"/admin/update/stream/:id","GET","admin","read","system","x-admin-api-key router middleware","admin API key","owner|admin|staff + admin.read","unauthenticated=401","no tenant-key migration; preserve operational authentication and audit","yes","apps/worker/src/routes/admin-update.ts","269"
"/admin/version","GET","admin","list","system","none (public build metadata)","none beyond current authentication","public read limited to published/non-secret data","unexpected Authorization does not widen data; unpublished/secret/cross-account object=404; mutation is rate-limited and replay-safe","no tenant-key migration; preserve operational authentication and audit","yes","apps/worker/src/routes/admin-version.ts","26"
"/api/account-settings/link-base-url","GET","account-settings","list","line_account","Bearer API key or authenticated session cookie","none beyond current authentication","owner|admin|staff + required line_account context + account-settings.read","unauthenticated=401; non-selected LINE account ID/query swap=404","line_account_id backfill/derivation + line_account context predicate + account-prefixed index","yes","apps/worker/src/routes/account-settings.ts","67"
"/api/account-settings/link-base-url","PUT","account-settings","update","line_account","Bearer API key or authenticated session cookie","none beyond current authentication","owner|admin + required line_account context + account-settings.update","unauthenticated=401; staff role=403; cookie without CSRF=403; non-selected LINE account ID/query swap=404","line_account_id backfill/derivation + line_account context predicate + account-prefixed index","yes","apps/worker/src/routes/account-settings.ts","79"
"/api/account-settings/test-recipients","GET","account-settings","list","line_account","Bearer API key or authenticated session cookie","account predicate/derivation present in handler","owner|admin|staff + required line_account context + account-settings.read","unauthenticated=401; non-selected LINE account ID/query swap=404","line_account_id backfill/derivation + line_account context predicate + account-prefixed index","yes","apps/worker/src/routes/account-settings.ts","13"
"/api/account-settings/test-recipients","PUT","account-settings","update","line_account","Bearer API key or authenticated session cookie","account predicate/derivation present in handler","owner|admin + required line_account context + account-settings.update","unauthenticated=401; staff role=403; cookie without CSRF=403; non-selected LINE account ID/query swap=404","line_account_id backfill/derivation + line_account context predicate + account-prefixed index","yes","apps/worker/src/routes/account-settings.ts","42"
"/api/account-settings/tracked-link-base-url","GET","account-settings","list","line_account","Bearer API key or authenticated session cookie","none beyond current authentication","owner|admin|staff + required line_account context + account-settings.read","unauthenticated=401; non-selected LINE account ID/query swap=404","line_account_id backfill/derivation + line_account context predicate + account-prefixed index","yes","apps/worker/src/routes/account-settings.ts","98"
"/api/account-settings/tracked-link-base-url","PUT","account-settings","update","line_account","Bearer API key or authenticated session cookie","none beyond current authentication","owner|admin + required line_account context + account-settings.update","unauthenticated=401; staff role=403; cookie without CSRF=403; non-selected LINE account ID/query swap=404","line_account_id backfill/derivation + line_account context predicate + account-prefixed index","yes","apps/worker/src/routes/account-settings.ts","103"
"/api/accounts/:id/health","GET","accounts","read","cross_account","Bearer API key or authenticated session cookie","account predicate/derivation present in handler","owner|admin + explicit target LINE account set + audit + cross_account.accounts.read","unauthenticated=401; non-selected LINE account ID/query swap=404; undeclared target LINE account rejects the whole operation","no enterprise tenant migration; add explicit target LINE account snapshot, authorization decision, and audit record","yes","apps/worker/src/routes/health.ts","27"
"/api/accounts/:id/migrate","POST","accounts","migrate","cross_account","Bearer API key or authenticated session cookie","account predicate/derivation present in handler","owner|admin + explicit target LINE account set + audit + cross_account.accounts.migrate","unauthenticated=401; staff role=403; cookie without CSRF=403; non-selected LINE account ID/query swap=404; undeclared target LINE account rejects the whole operation","no enterprise tenant migration; add explicit target LINE account snapshot, authorization decision, and audit record","yes","apps/worker/src/routes/health.ts","79"
"/api/accounts/migrations","GET","accounts","list","cross_account","Bearer API key or authenticated session cookie","account predicate/derivation present in handler","owner|admin + explicit target LINE account set + audit + cross_account.accounts.list","unauthenticated=401; non-selected LINE account ID/query swap=404; undeclared target LINE account rejects the whole operation","no enterprise tenant migration; add explicit target LINE account snapshot, authorization decision, and audit record","yes","apps/worker/src/routes/health.ts","57"
"/api/accounts/migrations/:migrationId","GET","accounts","read","cross_account","Bearer API key or authenticated session cookie","account predicate/derivation present in handler","owner|admin + explicit target LINE account set + audit + cross_account.accounts.read","unauthenticated=401; non-selected LINE account ID/query swap=404; undeclared target LINE account rejects the whole operation","no enterprise tenant migration; add explicit target LINE account snapshot, authorization decision, and audit record","yes","apps/worker/src/routes/health.ts","122"
"/api/ad-platforms","GET","ad-platforms","list","line_account","Bearer API key or authenticated session cookie","none beyond current authentication","owner|admin|staff + required line_account context + ad-platforms.read","unauthenticated=401; non-selected LINE account ID/query swap=404","line_account_id backfill/derivation + line_account context predicate + account-prefixed index","yes","apps/worker/src/routes/ad-platforms.ts","29"
"/api/ad-platforms","POST","ad-platforms","create","line_account","Bearer API key or authenticated session cookie","none beyond current authentication","owner|admin + required line_account context + ad-platforms.create","unauthenticated=401; staff role=403; cookie without CSRF=403; non-selected LINE account ID/query swap=404","line_account_id backfill/derivation + line_account context predicate + account-prefixed index","yes","apps/worker/src/routes/ad-platforms.ts","51"
"/api/ad-platforms/:id","DELETE","ad-platforms","delete","line_account","Bearer API key or authenticated session cookie","none beyond current authentication","owner|admin + required line_account context + ad-platforms.delete","unauthenticated=401; staff role=403; cookie without CSRF=403; non-selected LINE account ID/query swap=404","line_account_id backfill/derivation + line_account context predicate + account-prefixed index","yes","apps/worker/src/routes/ad-platforms.ts","162"
"/api/ad-platforms/:id","PUT","ad-platforms","update","line_account","Bearer API key or authenticated session cookie","none beyond current authentication","owner|admin + required line_account context + ad-platforms.update","unauthenticated=401; staff role=403; cookie without CSRF=403; non-selected LINE account ID/query swap=404","line_account_id backfill/derivation + line_account context predicate + account-prefixed index","yes","apps/worker/src/routes/ad-platforms.ts","93"
"/api/ad-platforms/:id/logs","GET","ad-platforms","read","line_account","Bearer API key or authenticated session cookie","none beyond current authentication","owner|admin|staff + required line_account context + ad-platforms.read","unauthenticated=401; non-selected LINE account ID/query swap=404","line_account_id backfill/derivation + line_account context predicate + account-prefixed index","yes","apps/worker/src/routes/ad-platforms.ts","173"
"/api/ad-platforms/test","POST","ad-platforms","test","line_account","Bearer API key or authenticated session cookie","none beyond current authentication","owner|admin + required line_account context + ad-platforms.test","unauthenticated=401; staff role=403; cookie without CSRF=403; non-selected LINE account ID/query swap=404","line_account_id backfill/derivation + line_account context predicate + account-prefixed index","yes","apps/worker/src/routes/ad-platforms.ts","127"
"/api/admin/auto-reply-stats","GET","admin","list","deployment","Bearer API key or authenticated session cookie","account predicate/derivation present in handler","owner|admin|staff + admin.read","unauthenticated=401; non-selected LINE account ID/query swap=404","no tenant-key migration; enforce deployment role policy and audit","yes","apps/worker/src/routes/profile-refresh.ts","439"
"/api/admin/automations-summary","GET","admin","list","deployment","Bearer API key or authenticated session cookie","account predicate/derivation present in handler","owner|admin|staff + admin.read","unauthenticated=401; non-selected LINE account ID/query swap=404","no tenant-key migration; enforce deployment role policy and audit","yes","apps/worker/src/routes/profile-refresh.ts","556"
"/api/admin/broadcast-coverage","POST","admin","create","deployment","Bearer API key or authenticated session cookie","account predicate/derivation present in handler","owner|admin + admin.create","unauthenticated=401; staff role=403; cookie without CSRF=403; non-selected LINE account ID/query swap=404","no tenant-key migration; enforce deployment role policy and audit","yes","apps/worker/src/routes/profile-refresh.ts","283"
"/api/admin/broadcasts/:id/reset-to-draft","POST","admin","create","deployment","Bearer API key or authenticated session cookie","account predicate/derivation present in handler","owner|admin + admin.create","unauthenticated=401; staff role=403; cookie without CSRF=403; non-selected LINE account ID/query swap=404","no tenant-key migration; enforce deployment role policy and audit","yes","apps/worker/src/routes/profile-refresh.ts","131"
"/api/admin/content-leak-check","POST","admin","create","deployment","Bearer API key or authenticated session cookie","none beyond current authentication","owner|admin + admin.create","unauthenticated=401; staff role=403; cookie without CSRF=403; non-selected LINE account ID/query swap=404","no tenant-key migration; enforce deployment role policy and audit","yes","apps/worker/src/routes/profile-refresh.ts","233"
"/api/admin/friend-debug/:id","GET","admin","read","deployment","Bearer API key or authenticated session cookie","account predicate/derivation present in handler","owner|admin|staff + admin.read","unauthenticated=401; non-selected LINE account ID/query swap=404","no tenant-key migration; enforce deployment role policy and audit","yes","apps/worker/src/routes/profile-refresh.ts","584"
"/api/admin/recent-messages","GET","admin","list","deployment","Bearer API key or authenticated session cookie","account predicate/derivation present in handler","owner|admin|staff + admin.read","unauthenticated=401; non-selected LINE account ID/query swap=404","no tenant-key migration; enforce deployment role policy and audit","yes","apps/worker/src/routes/profile-refresh.ts","512"
"/api/admin/refresh-profiles","POST","admin","create","deployment","Bearer API key or authenticated session cookie","account predicate/derivation present in handler","owner|admin + admin.create","unauthenticated=401; staff role=403; cookie without CSRF=403; non-selected LINE account ID/query swap=404","no tenant-key migration; enforce deployment role policy and audit","yes","apps/worker/src/routes/profile-refresh.ts","19"
"/api/admin/tag-leak-check","POST","admin","create","deployment","Bearer API key or authenticated session cookie","none beyond current authentication","owner|admin + admin.create","unauthenticated=401; staff role=403; cookie without CSRF=403; non-selected LINE account ID/query swap=404","no tenant-key migration; enforce deployment role policy and audit","yes","apps/worker/src/routes/profile-refresh.ts","180"
"/api/admin/tag-remove-content-dups","POST","admin","create","deployment","Bearer API key or authenticated session cookie","none beyond current authentication","owner|admin + admin.create","unauthenticated=401; staff role=403; cookie without CSRF=403; non-selected LINE account ID/query swap=404","no tenant-key migration; enforce deployment role policy and audit","yes","apps/worker/src/routes/profile-refresh.ts","392"
"/api/affiliate-offers","GET","affiliate-offers","list","line_account","Bearer API key or authenticated session cookie","none beyond current authentication","owner|admin|staff + required line_account context + affiliate-offers.read","unauthenticated=401; non-selected LINE account ID/query swap=404","line_account_id backfill/derivation + line_account context predicate + account-prefixed index","yes","apps/worker/src/routes/affiliate-offers.ts","40"
"/api/affiliate-offers","POST","affiliate-offers","create","line_account","Bearer API key or authenticated session cookie","account predicate/derivation present in handler","owner|admin + required line_account context + affiliate-offers.create","unauthenticated=401; staff role=403; cookie without CSRF=403; non-selected LINE account ID/query swap=404","line_account_id backfill/derivation + line_account context predicate + account-prefixed index","yes","apps/worker/src/routes/affiliate-offers.ts","66"
"/api/affiliate-offers/:id","GET","affiliate-offers","read","line_account","Bearer API key or authenticated session cookie","none beyond current authentication","owner|admin|staff + required line_account context + affiliate-offers.read","unauthenticated=401; non-selected LINE account ID/query swap=404","line_account_id backfill/derivation + line_account context predicate + account-prefixed index","yes","apps/worker/src/routes/affiliate-offers.ts","52"
"/api/affiliate-offers/:id","PUT","affiliate-offers","update","line_account","Bearer API key or authenticated session cookie","account predicate/derivation present in handler","owner|admin + required line_account context + affiliate-offers.update","unauthenticated=401; staff role=403; cookie without CSRF=403; non-selected LINE account ID/query swap=404","line_account_id backfill/derivation + line_account context predicate + account-prefixed index","yes","apps/worker/src/routes/affiliate-offers.ts","106"
"/api/affiliates","GET","affiliates","list","deployment","Bearer API key or authenticated session cookie","none beyond current authentication","owner|admin|staff + affiliates.read","unauthenticated=401; non-selected LINE account ID/query swap=404","no tenant-key migration; enforce deployment role policy and audit","yes","apps/worker/src/routes/affiliates.ts","40"
"/api/affiliates","POST","affiliates","create","deployment","Bearer API key or authenticated session cookie","none beyond current authentication","owner|admin + affiliates.create","unauthenticated=401; staff role=403; cookie without CSRF=403; non-selected LINE account ID/query swap=404","no tenant-key migration; enforce deployment role policy and audit","yes","apps/worker/src/routes/affiliates.ts","77"
"/api/affiliates-report","GET","affiliates-report","list","line_account","Bearer API key or authenticated session cookie","none beyond current authentication","owner|admin|staff + required line_account context + affiliates-report.read","unauthenticated=401; non-selected LINE account ID/query swap=404","line_account_id backfill/derivation + line_account context predicate + account-prefixed index","yes","apps/worker/src/routes/affiliates.ts","337"
"/api/affiliates/:id","DELETE","affiliates","delete","deployment","Bearer API key or authenticated session cookie","none beyond current authentication","owner|admin + affiliates.delete + idempotency/step-up","unauthenticated=401; staff role=403; cookie without CSRF=403; non-selected LINE account ID/query swap=404","no tenant-key migration; enforce deployment role policy and audit","yes","apps/worker/src/routes/affiliates.ts","224"
"/api/affiliates/:id","GET","affiliates","read","deployment","Bearer API key or authenticated session cookie","none beyond current authentication","owner|admin|staff + affiliates.read","unauthenticated=401; non-selected LINE account ID/query swap=404","no tenant-key migration; enforce deployment role policy and audit","yes","apps/worker/src/routes/affiliates.ts","51"
"/api/affiliates/:id","PUT","affiliates","update","deployment","Bearer API key or authenticated session cookie","none beyond current authentication","owner|admin + affiliates.update","unauthenticated=401; staff role=403; cookie without CSRF=403; non-selected LINE account ID/query swap=404","no tenant-key migration; enforce deployment role policy and audit","yes","apps/worker/src/routes/affiliates.ts","198"
"/api/affiliates/:id/journeys","GET","affiliates","read","deployment","Bearer API key or authenticated session cookie","none beyond current authentication","owner|admin|staff + affiliates.read","unauthenticated=401; non-selected LINE account ID/query swap=404","no tenant-key migration; enforce deployment role policy and audit","yes","apps/worker/src/routes/affiliates.ts","257"
"/api/affiliates/:id/links","GET","affiliates","read","deployment","Bearer API key or authenticated session cookie","none beyond current authentication","owner|admin|staff + affiliates.read","unauthenticated=401; non-selected LINE account ID/query swap=404","no tenant-key migration; enforce deployment role policy and audit","yes","apps/worker/src/routes/affiliates.ts","277"
"/api/affiliates/:id/report","GET","affiliates","read","deployment","Bearer API key or authenticated session cookie","none beyond current authentication","owner|admin|staff + affiliates.read","unauthenticated=401; non-selected LINE account ID/query swap=404","no tenant-key migration; enforce deployment role policy and audit","yes","apps/worker/src/routes/affiliates.ts","237"
"/api/affiliates/click","POST","affiliates","click","deployment","none (public click endpoint)","none beyond current authentication","signed/capability-scoped service action; no ambient public write","unexpected Authorization does not widen data; unpublished/secret/cross-account object=404; mutation is rate-limited and replay-safe","no tenant-key migration; enforce deployment role policy and audit","yes","apps/worker/src/routes/affiliates.ts","311"
"/api/analytics/ref-summary","GET","analytics","list","line_account","Bearer API key or authenticated session cookie","account predicate/derivation present in handler","owner|admin|staff + required line_account context + analytics.read","unauthenticated=401; non-selected LINE account ID/query swap=404","line_account_id backfill/derivation + line_account context predicate + account-prefixed index","yes","apps/worker/src/routes/liff.ts","1326"
"/api/analytics/ref/:refCode","GET","analytics","read","line_account","Bearer API key or authenticated session cookie","account predicate/derivation present in handler","owner|admin|staff + required line_account context + analytics.read","unauthenticated=401; non-selected LINE account ID/query swap=404","line_account_id backfill/derivation + line_account context predicate + account-prefixed index","yes","apps/worker/src/routes/liff.ts","1399"
"/api/auth/login","POST","auth","login","deployment","API key credential exchange","none beyond current authentication","owner|admin + auth.login","unauthenticated=401; staff role=403; cookie without CSRF=403; non-selected LINE account ID/query swap=404","no tenant-key migration; enforce deployment role policy and audit","yes","apps/worker/src/routes/admin-auth.ts","29"
"/api/auth/logout","POST","auth","logout","deployment","none; clears cookie","none beyond current authentication","signed/capability-scoped service action; no ambient public write","unexpected Authorization does not widen data; unpublished/secret/cross-account object=404; mutation is rate-limited and replay-safe","no tenant-key migration; enforce deployment role policy and audit","yes","apps/worker/src/routes/admin-auth.ts","57"
"/api/auth/session","GET","auth","list","deployment","Bearer API key or authenticated session cookie","none beyond current authentication","owner|admin|staff + auth.read","unauthenticated=401; non-selected LINE account ID/query swap=404","no tenant-key migration; enforce deployment role policy and audit","yes","apps/worker/src/routes/admin-auth.ts","70"
"/api/auto-replies","GET","auto-replies","list","line_account","Bearer API key or authenticated session cookie","account predicate/derivation present in handler","owner|admin|staff + required line_account context + auto-replies.read","unauthenticated=401; non-selected LINE account ID/query swap=404","line_account_id backfill/derivation + line_account context predicate + account-prefixed index","yes","apps/worker/src/routes/auto-replies.ts","108"
"/api/auto-replies","POST","auto-replies","create","line_account","Bearer API key or authenticated session cookie","account predicate/derivation present in handler","owner|admin + required line_account context + auto-replies.create","unauthenticated=401; staff role=403; cookie without CSRF=403; non-selected LINE account ID/query swap=404","line_account_id backfill/derivation + line_account context predicate + account-prefixed index","yes","apps/worker/src/routes/auto-replies.ts","151"
"/api/auto-replies/:id","DELETE","auto-replies","delete","line_account","Bearer API key or authenticated session cookie","none beyond current authentication","owner|admin + required line_account context + auto-replies.delete","unauthenticated=401; staff role=403; cookie without CSRF=403; non-selected LINE account ID/query swap=404","line_account_id backfill/derivation + line_account context predicate + account-prefixed index","yes","apps/worker/src/routes/auto-replies.ts","249"
"/api/auto-replies/:id","GET","auto-replies","read","line_account","Bearer API key or authenticated session cookie","none beyond current authentication","owner|admin|staff + required line_account context + auto-replies.read","unauthenticated=401; non-selected LINE account ID/query swap=404","line_account_id backfill/derivation + line_account context predicate + account-prefixed index","yes","apps/worker/src/routes/auto-replies.ts","136"
"/api/auto-replies/:id","PUT","auto-replies","update","line_account","Bearer API key or authenticated session cookie","account predicate/derivation present in handler","owner|admin + required line_account context + auto-replies.update","unauthenticated=401; staff role=403; cookie without CSRF=403; non-selected LINE account ID/query swap=404","line_account_id backfill/derivation + line_account context predicate + account-prefixed index","yes","apps/worker/src/routes/auto-replies.ts","202"
"/api/automations","GET","automations","list","line_account","Bearer API key or authenticated session cookie","account predicate/derivation present in handler","owner|admin|staff + required line_account context + automations.read","unauthenticated=401; non-selected LINE account ID/query swap=404","line_account_id backfill/derivation + line_account context predicate + account-prefixed index","yes","apps/worker/src/routes/automations.ts","16"
"/api/automations","POST","automations","create","line_account","Bearer API key or authenticated session cookie","account predicate/derivation present in handler","owner|admin + required line_account context + automations.create","unauthenticated=401; staff role=403; cookie without CSRF=403; non-selected LINE account ID/query swap=404","line_account_id backfill/derivation + line_account context predicate + account-prefixed index","yes","apps/worker/src/routes/automations.ts","94"
"/api/automations/:id","DELETE","automations","delete","line_account","Bearer API key or authenticated session cookie","none beyond current authentication","owner|admin + required line_account context + automations.delete","unauthenticated=401; staff role=403; cookie without CSRF=403; non-selected LINE account ID/query swap=404","line_account_id backfill/derivation + line_account context predicate + account-prefixed index","yes","apps/worker/src/routes/automations.ts","163"
"/api/automations/:id","GET","automations","read","line_account","Bearer API key or authenticated session cookie","account predicate/derivation present in handler","owner|admin|staff + required line_account context + automations.read","unauthenticated=401; non-selected LINE account ID/query swap=404","line_account_id backfill/derivation + line_account context predicate + account-prefixed index","yes","apps/worker/src/routes/automations.ts","56"
"/api/automations/:id","PUT","automations","update","line_account","Bearer API key or authenticated session cookie","account predicate/derivation present in handler","owner|admin + required line_account context + automations.update","unauthenticated=401; staff role=403; cookie without CSRF=403; non-selected LINE account ID/query swap=404","line_account_id backfill/derivation + line_account context predicate + account-prefixed index","yes","apps/worker/src/routes/automations.ts","137"
"/api/automations/:id/logs","GET","automations","read","line_account","Bearer API key or authenticated session cookie","none beyond current authentication","owner|admin|staff + required line_account context + automations.read","unauthenticated=401; non-selected LINE account ID/query swap=404","line_account_id backfill/derivation + line_account context predicate + account-prefixed index","yes","apps/worker/src/routes/automations.ts","175"
"/api/booking/admin/availability","GET","booking","list","line_account","Bearer API key or authenticated session cookie","account predicate/derivation present in handler","owner|admin|staff + required line_account context + booking.read","unauthenticated=401; non-selected LINE account ID/query swap=404","line_account_id backfill/derivation + line_account context predicate + account-prefixed index","yes","apps/worker/src/routes/booking.ts","717"
"/api/booking/admin/bookings","POST","booking","create","line_account","Bearer API key or authenticated session cookie","account predicate/derivation present in handler","owner|admin + required line_account context + booking.create","unauthenticated=401; staff role=403; cookie without CSRF=403; non-selected LINE account ID/query swap=404","line_account_id backfill/derivation + line_account context predicate + account-prefixed index","yes","apps/worker/src/routes/booking.ts","748"
"/api/booking/admin/menus","GET","booking","list","line_account","Bearer API key or authenticated session cookie","account predicate/derivation present in handler","owner|admin|staff + required line_account context + booking.read","unauthenticated=401; non-selected LINE account ID/query swap=404","line_account_id backfill/derivation + line_account context predicate + account-prefixed index","yes","apps/worker/src/routes/booking.ts","532"
"/api/booking/admin/menus","POST","booking","create","line_account","Bearer API key or authenticated session cookie","account predicate/derivation present in handler","owner|admin + required line_account context + booking.create","unauthenticated=401; staff role=403; cookie without CSRF=403; non-selected LINE account ID/query swap=404","line_account_id backfill/derivation + line_account context predicate + account-prefixed index","yes","apps/worker/src/routes/booking.ts","549"
"/api/booking/admin/menus/:id","DELETE","booking","delete","line_account","Bearer API key or authenticated session cookie","account predicate/derivation present in handler","owner|admin + required line_account context + booking.delete","unauthenticated=401; staff role=403; cookie without CSRF=403; non-selected LINE account ID/query swap=404","line_account_id backfill/derivation + line_account context predicate + account-prefixed index","yes","apps/worker/src/routes/booking.ts","674"
"/api/booking/admin/menus/:id","PUT","booking","update","line_account","Bearer API key or authenticated session cookie","account predicate/derivation present in handler","owner|admin + required line_account context + booking.update","unauthenticated=401; staff role=403; cookie without CSRF=403; non-selected LINE account ID/query swap=404","line_account_id backfill/derivation + line_account context predicate + account-prefixed index","yes","apps/worker/src/routes/booking.ts","594"
"/api/booking/admin/menus/:id/staff","GET","booking","read","line_account","Bearer API key or authenticated session cookie","account predicate/derivation present in handler","owner|admin|staff + required line_account context + booking.read","unauthenticated=401; non-selected LINE account ID/query swap=404","line_account_id backfill/derivation + line_account context predicate + account-prefixed index","yes","apps/worker/src/routes/booking.ts","693"
"/api/booking/admin/pending-count","GET","booking","list","line_account","Bearer API key or authenticated session cookie","account predicate/derivation present in handler","owner|admin|staff + required line_account context + booking.read","unauthenticated=401; non-selected LINE account ID/query swap=404","line_account_id backfill/derivation + line_account context predicate + account-prefixed index","yes","apps/worker/src/routes/booking.ts","1266"
"/api/booking/admin/requests","GET","booking","list","line_account","Bearer API key or authenticated session cookie","account predicate/derivation present in handler","owner|admin|staff + required line_account context + booking.read","unauthenticated=401; non-selected LINE account ID/query swap=404","line_account_id backfill/derivation + line_account context predicate + account-prefixed index","yes","apps/worker/src/routes/booking.ts","1174"
"/api/booking/admin/requests/:id","PATCH","booking","update","line_account","Bearer API key or authenticated session cookie","account predicate/derivation present in handler","owner|admin + required line_account context + booking.update","unauthenticated=401; staff role=403; cookie without CSRF=403; non-selected LINE account ID/query swap=404","line_account_id backfill/derivation + line_account context predicate + account-prefixed index","yes","apps/worker/src/routes/booking.ts","1208"
"/api/booking/admin/staff","GET","booking","list","line_account","Bearer API key or authenticated session cookie","account predicate/derivation present in handler","owner|admin|staff + required line_account context + booking.read","unauthenticated=401; non-selected LINE account ID/query swap=404","line_account_id backfill/derivation + line_account context predicate + account-prefixed index","yes","apps/worker/src/routes/booking.ts","888"
"/api/booking/admin/staff","POST","booking","create","line_account","Bearer API key or authenticated session cookie","account predicate/derivation present in handler","owner|admin + required line_account context + booking.create","unauthenticated=401; staff role=403; cookie without CSRF=403; non-selected LINE account ID/query swap=404","line_account_id backfill/derivation + line_account context predicate + account-prefixed index","yes","apps/worker/src/routes/booking.ts","904"
"/api/booking/admin/staff/:id","DELETE","booking","delete","line_account","Bearer API key or authenticated session cookie","account predicate/derivation present in handler","owner|admin + required line_account context + booking.delete","unauthenticated=401; staff role=403; cookie without CSRF=403; non-selected LINE account ID/query swap=404","line_account_id backfill/derivation + line_account context predicate + account-prefixed index","yes","apps/worker/src/routes/booking.ts","977"
"/api/booking/admin/staff/:id","PUT","booking","update","line_account","Bearer API key or authenticated session cookie","account predicate/derivation present in handler","owner|admin + required line_account context + booking.update","unauthenticated=401; staff role=403; cookie without CSRF=403; non-selected LINE account ID/query swap=404","line_account_id backfill/derivation + line_account context predicate + account-prefixed index","yes","apps/worker/src/routes/booking.ts","939"
"/api/booking/admin/staff/:id/menus","GET","booking","read","line_account","Bearer API key or authenticated session cookie","account predicate/derivation present in handler","owner|admin|staff + required line_account context + booking.read","unauthenticated=401; non-selected LINE account ID/query swap=404","line_account_id backfill/derivation + line_account context predicate + account-prefixed index","yes","apps/worker/src/routes/booking.ts","994"
"/api/booking/admin/staff/:id/menus","PUT","booking","update","line_account","Bearer API key or authenticated session cookie","account predicate/derivation present in handler","owner|admin + required line_account context + booking.update","unauthenticated=401; staff role=403; cookie without CSRF=403; non-selected LINE account ID/query swap=404","line_account_id backfill/derivation + line_account context predicate + account-prefixed index","yes","apps/worker/src/routes/booking.ts","1017"
"/api/booking/admin/staff/:id/shifts","GET","booking","read","line_account","Bearer API key or authenticated session cookie","account predicate/derivation present in handler","owner|admin|staff + required line_account context + booking.read","unauthenticated=401; non-selected LINE account ID/query swap=404","line_account_id backfill/derivation + line_account context predicate + account-prefixed index","yes","apps/worker/src/routes/booking.ts","1066"
"/api/booking/admin/staff/:id/shifts","PUT","booking","update","line_account","Bearer API key or authenticated session cookie","account predicate/derivation present in handler","owner|admin + required line_account context + booking.update","unauthenticated=401; staff role=403; cookie without CSRF=403; non-selected LINE account ID/query swap=404","line_account_id backfill/derivation + line_account context predicate + account-prefixed index","yes","apps/worker/src/routes/booking.ts","1089"
"/api/booking/admin/staff/:id/shifts/:shiftId","DELETE","booking","delete","line_account","Bearer API key or authenticated session cookie","account predicate/derivation present in handler","owner|admin + required line_account context + booking.delete","unauthenticated=401; staff role=403; cookie without CSRF=403; non-selected LINE account ID/query swap=404","line_account_id backfill/derivation + line_account context predicate + account-prefixed index","yes","apps/worker/src/routes/booking.ts","1116"
"/api/booking/admin/staff/:id/shifts/generate","POST","booking","create","line_account","Bearer API key or authenticated session cookie","account predicate/derivation present in handler","owner|admin + required line_account context + booking.create","unauthenticated=401; staff role=403; cookie without CSRF=403; non-selected LINE account ID/query swap=404","line_account_id backfill/derivation + line_account context predicate + account-prefixed index","yes","apps/worker/src/routes/booking.ts","1131"
"/api/broadcasts","GET","broadcasts","list","cross_account","Bearer API key or authenticated session cookie","account predicate/derivation present in handler","owner|admin + explicit target LINE account set + audit + cross_account.broadcasts.list","unauthenticated=401; non-selected LINE account ID/query swap=404; undeclared target LINE account rejects the whole operation","no enterprise tenant migration; add explicit target LINE account snapshot, authorization decision, and audit record","yes","apps/worker/src/routes/broadcasts.ts","66"
"/api/broadcasts","POST","broadcasts","create","cross_account","Bearer API key or authenticated session cookie","account predicate/derivation present in handler","owner|admin + explicit target LINE account set + audit + cross_account.broadcasts.create","unauthenticated=401; staff role=403; cookie without CSRF=403; non-selected LINE account ID/query swap=404; undeclared target LINE account rejects the whole operation","no enterprise tenant migration; add explicit target LINE account snapshot, authorization decision, and audit record","yes","apps/worker/src/routes/broadcasts.ts","262"
"/api/broadcasts/:id","DELETE","broadcasts","delete","cross_account","Bearer API key or authenticated session cookie","none beyond current authentication","owner|admin + explicit target LINE account set + audit + cross_account.broadcasts.delete","unauthenticated=401; staff role=403; cookie without CSRF=403; non-selected LINE account ID/query swap=404; undeclared target LINE account rejects the whole operation","no enterprise tenant migration; add explicit target LINE account snapshot, authorization decision, and audit record","yes","apps/worker/src/routes/broadcasts.ts","413"
"/api/broadcasts/:id","GET","broadcasts","read","cross_account","Bearer API key or authenticated session cookie","none beyond current authentication","owner|admin + explicit target LINE account set + audit + cross_account.broadcasts.read","unauthenticated=401; non-selected LINE account ID/query swap=404; undeclared target LINE account rejects the whole operation","no enterprise tenant migration; add explicit target LINE account snapshot, authorization decision, and audit record","yes","apps/worker/src/routes/broadcasts.ts","78"
"/api/broadcasts/:id","PUT","broadcasts","update","cross_account","Bearer API key or authenticated session cookie","account predicate/derivation present in handler","owner|admin + explicit target LINE account set + audit + cross_account.broadcasts.update","unauthenticated=401; staff role=403; cookie without CSRF=403; non-selected LINE account ID/query swap=404; undeclared target LINE account rejects the whole operation","no enterprise tenant migration; add explicit target LINE account snapshot, authorization decision, and audit record","yes","apps/worker/src/routes/broadcasts.ts","335"
"/api/broadcasts/:id/fetch-insight","POST","broadcasts","create","cross_account","Bearer API key or authenticated session cookie","account predicate/derivation present in handler","owner|admin + explicit target LINE account set + audit + cross_account.broadcasts.create","unauthenticated=401; staff role=403; cookie without CSRF=403; non-selected LINE account ID/query swap=404; undeclared target LINE account rejects the whole operation","no enterprise tenant migration; add explicit target LINE account snapshot, authorization decision, and audit record","yes","apps/worker/src/routes/broadcasts.ts","644"
"/api/broadcasts/:id/insight","GET","broadcasts","read","cross_account","Bearer API key or authenticated session cookie","none beyond current authentication","owner|admin + explicit target LINE account set + audit + cross_account.broadcasts.read","unauthenticated=401; non-selected LINE account ID/query swap=404; undeclared target LINE account rejects the whole operation","no enterprise tenant migration; add explicit target LINE account snapshot, authorization decision, and audit record","yes","apps/worker/src/routes/broadcasts.ts","612"
"/api/broadcasts/:id/per-account-stats","GET","broadcasts","read","cross_account","Bearer API key or authenticated session cookie","account predicate/derivation present in handler","owner|admin + explicit target LINE account set + audit + cross_account.broadcasts.read","unauthenticated=401; non-selected LINE account ID/query swap=404; undeclared target LINE account rejects the whole operation","no enterprise tenant migration; add explicit target LINE account snapshot, authorization decision, and audit record","yes","apps/worker/src/routes/broadcasts.ts","173"
"/api/broadcasts/:id/preview-count","GET","broadcasts","read","cross_account","Bearer API key or authenticated session cookie","account predicate/derivation present in handler","owner|admin + explicit target LINE account set + audit + cross_account.broadcasts.read","unauthenticated=401; non-selected LINE account ID/query swap=404; undeclared target LINE account rejects the whole operation","no enterprise tenant migration; add explicit target LINE account snapshot, authorization decision, and audit record","yes","apps/worker/src/routes/broadcasts.ts","98"
"/api/broadcasts/:id/progress","GET","broadcasts","read","cross_account","Bearer API key or authenticated session cookie","none beyond current authentication","owner|admin + explicit target LINE account set + audit + cross_account.broadcasts.read","unauthenticated=401; non-selected LINE account ID/query swap=404; undeclared target LINE account rejects the whole operation","no enterprise tenant migration; add explicit target LINE account snapshot, authorization decision, and audit record","yes","apps/worker/src/routes/broadcasts.ts","885"
"/api/broadcasts/:id/send","POST","broadcasts","send","cross_account","Bearer API key or authenticated session cookie","account predicate/derivation present in handler","owner|admin + explicit target LINE account set + audit + cross_account.broadcasts.send","unauthenticated=401; staff role=403; cookie without CSRF=403; non-selected LINE account ID/query swap=404; undeclared target LINE account rejects the whole operation; duplicate request produces one side effect","no enterprise tenant migration; add explicit target LINE account snapshot, authorization decision, and audit record","yes","apps/worker/src/routes/broadcasts.ts","431"
"/api/broadcasts/:id/send-segment","POST","broadcasts","create","cross_account","Bearer API key or authenticated session cookie","none beyond current authentication","owner|admin + explicit target LINE account set + audit + cross_account.broadcasts.create","unauthenticated=401; staff role=403; cookie without CSRF=403; non-selected LINE account ID/query swap=404; undeclared target LINE account rejects the whole operation","no enterprise tenant migration; add explicit target LINE account snapshot, authorization decision, and audit record","yes","apps/worker/src/routes/broadcasts.ts","577"
"/api/broadcasts/:id/test-send","POST","broadcasts","create","cross_account","Bearer API key or authenticated session cookie","account predicate/derivation present in handler","owner|admin + explicit target LINE account set + audit + cross_account.broadcasts.create","unauthenticated=401; staff role=403; cookie without CSRF=403; non-selected LINE account ID/query swap=404; undeclared target LINE account rejects the whole operation","no enterprise tenant migration; add explicit target LINE account snapshot, authorization decision, and audit record","yes","apps/worker/src/routes/broadcasts.ts","809"
"/api/broadcasts/dedup-preview","POST","broadcasts","create","cross_account","Bearer API key or authenticated session cookie","role allowlist:owner|admin|staff; account predicate/derivation present in handler","owner|admin + explicit target LINE account set + audit + cross_account.broadcasts.create","unauthenticated=401; staff role=403; cookie without CSRF=403; non-selected LINE account ID/query swap=404; undeclared target LINE account rejects the whole operation","no enterprise tenant migration; add explicit target LINE account snapshot, authorization decision, and audit record","yes","apps/worker/src/routes/dedup-preview.ts","8"
"/api/capabilities","GET","capabilities","list","deployment","Bearer API key or authenticated session cookie","none beyond current authentication","owner|admin|staff + capabilities.read","unauthenticated=401; non-selected LINE account ID/query swap=404","no tenant-key migration; enforce deployment role policy and audit","yes","apps/worker/src/routes/capabilities.ts","35"
"/api/chats","GET","chats","list","line_account","Bearer API key or authenticated session cookie","account predicate/derivation present in handler","owner|admin|staff + required line_account context + chats.read","unauthenticated=401; non-selected LINE account ID/query swap=404","line_account_id backfill/derivation + line_account context predicate + account-prefixed index","yes","apps/worker/src/routes/chats.ts","186"
"/api/chats","POST","chats","create","line_account","Bearer API key or authenticated session cookie","account predicate/derivation present in handler","owner|admin + required line_account context + chats.create","unauthenticated=401; staff role=403; cookie without CSRF=403; non-selected LINE account ID/query swap=404","line_account_id backfill/derivation + line_account context predicate + account-prefixed index","yes","apps/worker/src/routes/chats.ts","486"
"/api/chats/:id","GET","chats","read","line_account","Bearer API key or authenticated session cookie","none beyond current authentication","owner|admin|staff + required line_account context + chats.read","unauthenticated=401; non-selected LINE account ID/query swap=404","line_account_id backfill/derivation + line_account context predicate + account-prefixed index","yes","apps/worker/src/routes/chats.ts","408"
"/api/chats/:id","PUT","chats","update","line_account","Bearer API key or authenticated session cookie","none beyond current authentication","owner|admin + required line_account context + chats.update","unauthenticated=401; staff role=403; cookie without CSRF=403; non-selected LINE account ID/query swap=404","line_account_id backfill/derivation + line_account context predicate + account-prefixed index","yes","apps/worker/src/routes/chats.ts","504"
"/api/chats/:id/loading","POST","chats","create","line_account","Bearer API key or authenticated session cookie","none beyond current authentication","owner|admin + required line_account context + chats.create","unauthenticated=401; staff role=403; cookie without CSRF=403; non-selected LINE account ID/query swap=404","line_account_id backfill/derivation + line_account context predicate + account-prefixed index","yes","apps/worker/src/routes/chats.ts","525"
"/api/chats/:id/send","POST","chats","send","line_account","Bearer API key or authenticated session cookie","none beyond current authentication","owner|admin + required line_account context + chats.send","unauthenticated=401; staff role=403; cookie without CSRF=403; non-selected LINE account ID/query swap=404; duplicate request produces one side effect","line_account_id backfill/derivation + line_account context predicate + account-prefixed index + outbox/idempotency record","yes","apps/worker/src/routes/chats.ts","562"
"/api/conversations","GET","conversations","list","line_account","Bearer API key or authenticated session cookie","account predicate/derivation present in handler","owner|admin|staff + required line_account context + conversations.read","unauthenticated=401; non-selected LINE account ID/query swap=404","line_account_id backfill/derivation + line_account context predicate + account-prefixed index","yes","apps/worker/src/routes/conversations.ts","7"
"/api/conversations/:friendId","GET","conversations","read","line_account","Bearer API key or authenticated session cookie","account predicate/derivation present in handler","owner|admin|staff + required line_account context + conversations.read","unauthenticated=401; non-selected LINE account ID/query swap=404","line_account_id backfill/derivation + line_account context predicate + account-prefixed index","yes","apps/worker/src/routes/conversations.ts","182"
"/api/conversions/approvals","GET","conversions","list","line_account","Bearer API key or authenticated session cookie","none beyond current authentication","owner|admin|staff + required line_account context + conversions.read","unauthenticated=401; non-selected LINE account ID/query swap=404","line_account_id backfill/derivation + line_account context predicate + account-prefixed index","yes","apps/worker/src/routes/conversions.ts","182"
"/api/conversions/events","GET","conversions","list","line_account","Bearer API key or authenticated session cookie","none beyond current authentication","owner|admin|staff + required line_account context + conversions.read","unauthenticated=401; non-selected LINE account ID/query swap=404","line_account_id backfill/derivation + line_account context predicate + account-prefixed index","yes","apps/worker/src/routes/conversions.ts","130"
"/api/conversions/events/:id/approval","PATCH","conversions","update","line_account","Bearer API key or authenticated session cookie","none beyond current authentication","owner|admin + required line_account context + conversions.update","unauthenticated=401; staff role=403; cookie without CSRF=403; non-selected LINE account ID/query swap=404","line_account_id backfill/derivation + line_account context predicate + account-prefixed index","yes","apps/worker/src/routes/conversions.ts","210"
"/api/conversions/points","GET","conversions","list","line_account","Bearer API key or authenticated session cookie","none beyond current authentication","owner|admin|staff + required line_account context + conversions.read","unauthenticated=401; non-selected LINE account ID/query swap=404","line_account_id backfill/derivation + line_account context predicate + account-prefixed index","yes","apps/worker/src/routes/conversions.ts","23"
"/api/conversions/points","POST","conversions","create","line_account","Bearer API key or authenticated session cookie","none beyond current authentication","owner|admin + required line_account context + conversions.create","unauthenticated=401; staff role=403; cookie without CSRF=403; non-selected LINE account ID/query swap=404","line_account_id backfill/derivation + line_account context predicate + account-prefixed index","yes","apps/worker/src/routes/conversions.ts","43"
"/api/conversions/points/:id","DELETE","conversions","delete","line_account","Bearer API key or authenticated session cookie","none beyond current authentication","owner|admin + required line_account context + conversions.delete","unauthenticated=401; staff role=403; cookie without CSRF=403; non-selected LINE account ID/query swap=404","line_account_id backfill/derivation + line_account context predicate + account-prefixed index","yes","apps/worker/src/routes/conversions.ts","73"
"/api/conversions/report","GET","conversions","list","line_account","Bearer API key or authenticated session cookie","none beyond current authentication","owner|admin|staff + required line_account context + conversions.read","unauthenticated=401; non-selected LINE account ID/query swap=404","line_account_id backfill/derivation + line_account context predicate + account-prefixed index","yes","apps/worker/src/routes/conversions.ts","161"
"/api/conversions/track","POST","conversions","track","line_account","Bearer API key or authenticated session cookie","none beyond current authentication","owner|admin + required line_account context + conversions.track","unauthenticated=401; staff role=403; cookie without CSRF=403; non-selected LINE account ID/query swap=404","line_account_id backfill/derivation + line_account context predicate + account-prefixed index","yes","apps/worker/src/routes/conversions.ts","86"
"/api/duplicates/stats","GET","duplicates","list","cross_account","Bearer API key or authenticated session cookie","none beyond current authentication","owner|admin + explicit target LINE account set + audit + cross_account.duplicates.list","unauthenticated=401; non-selected LINE account ID/query swap=404; undeclared target LINE account rejects the whole operation","no enterprise tenant migration; add explicit target LINE account snapshot, authorization decision, and audit record","yes","apps/worker/src/routes/duplicates.ts","70"
"/api/entry-routes","GET","entry-routes","list","cross_account","Bearer API key or authenticated session cookie","none beyond current authentication","owner|admin + explicit target LINE account set + audit + cross_account.entry-routes.list","unauthenticated=401; non-selected LINE account ID/query swap=404; undeclared target LINE account rejects the whole operation","no enterprise tenant migration; add explicit target LINE account snapshot, authorization decision, and audit record","yes","apps/worker/src/routes/entry-routes.ts","33"
"/api/entry-routes","POST","entry-routes","create","cross_account","Bearer API key or authenticated session cookie","none beyond current authentication","owner|admin + explicit target LINE account set + audit + cross_account.entry-routes.create","unauthenticated=401; staff role=403; cookie without CSRF=403; non-selected LINE account ID/query swap=404; undeclared target LINE account rejects the whole operation","no enterprise tenant migration; add explicit target LINE account snapshot, authorization decision, and audit record","yes","apps/worker/src/routes/entry-routes.ts","57"
"/api/entry-routes/:id","DELETE","entry-routes","delete","cross_account","Bearer API key or authenticated session cookie","none beyond current authentication","owner|admin + explicit target LINE account set + audit + cross_account.entry-routes.delete","unauthenticated=401; staff role=403; cookie without CSRF=403; non-selected LINE account ID/query swap=404; undeclared target LINE account rejects the whole operation","no enterprise tenant migration; add explicit target LINE account snapshot, authorization decision, and audit record","yes","apps/worker/src/routes/entry-routes.ts","108"
"/api/entry-routes/:id","GET","entry-routes","read","cross_account","Bearer API key or authenticated session cookie","none beyond current authentication","owner|admin + explicit target LINE account set + audit + cross_account.entry-routes.read","unauthenticated=401; non-selected LINE account ID/query swap=404; undeclared target LINE account rejects the whole operation","no enterprise tenant migration; add explicit target LINE account snapshot, authorization decision, and audit record","yes","apps/worker/src/routes/entry-routes.ts","44"
"/api/entry-routes/:id","PATCH","entry-routes","update","cross_account","Bearer API key or authenticated session cookie","none beyond current authentication","owner|admin + explicit target LINE account set + audit + cross_account.entry-routes.update","unauthenticated=401; staff role=403; cookie without CSRF=403; non-selected LINE account ID/query swap=404; undeclared target LINE account rejects the whole operation","no enterprise tenant migration; add explicit target LINE account snapshot, authorization decision, and audit record","yes","apps/worker/src/routes/entry-routes.ts","82"
"/api/entry-routes/:id/funnel","GET","entry-routes","read","cross_account","Bearer API key or authenticated session cookie","none beyond current authentication","owner|admin + explicit target LINE account set + audit + cross_account.entry-routes.read","unauthenticated=401; non-selected LINE account ID/query swap=404; undeclared target LINE account rejects the whole operation","no enterprise tenant migration; add explicit target LINE account snapshot, authorization decision, and audit record","yes","apps/worker/src/routes/entry-routes.ts","120"
"/api/events/admin/events","GET","events","list","cross_account","Bearer API key or authenticated session cookie","account predicate/derivation present in handler","owner|admin + explicit target LINE account set + audit + cross_account.events.list","unauthenticated=401; non-selected LINE account ID/query swap=404; undeclared target LINE account rejects the whole operation","no enterprise tenant migration; add explicit target LINE account snapshot, authorization decision, and audit record","yes","apps/worker/src/routes/events.ts","214"
"/api/events/admin/events","POST","events","create","cross_account","Bearer API key or authenticated session cookie","account predicate/derivation present in handler","owner|admin + explicit target LINE account set + audit + cross_account.events.create","unauthenticated=401; staff role=403; cookie without CSRF=403; non-selected LINE account ID/query swap=404; undeclared target LINE account rejects the whole operation","no enterprise tenant migration; add explicit target LINE account snapshot, authorization decision, and audit record","yes","apps/worker/src/routes/events.ts","153"
"/api/events/admin/events/:id","DELETE","events","delete","cross_account","Bearer API key or authenticated session cookie","account predicate/derivation present in handler","owner|admin + explicit target LINE account set + audit + cross_account.events.delete","unauthenticated=401; staff role=403; cookie without CSRF=403; non-selected LINE account ID/query swap=404; undeclared target LINE account rejects the whole operation","no enterprise tenant migration; add explicit target LINE account snapshot, authorization decision, and audit record","yes","apps/worker/src/routes/events.ts","428"
"/api/events/admin/events/:id","GET","events","read","cross_account","Bearer API key or authenticated session cookie","account predicate/derivation present in handler","owner|admin + explicit target LINE account set + audit + cross_account.events.read","unauthenticated=401; non-selected LINE account ID/query swap=404; undeclared target LINE account rejects the whole operation","no enterprise tenant migration; add explicit target LINE account snapshot, authorization decision, and audit record","yes","apps/worker/src/routes/events.ts","253"
"/api/events/admin/events/:id","PUT","events","update","cross_account","Bearer API key or authenticated session cookie","account predicate/derivation present in handler","owner|admin + explicit target LINE account set + audit + cross_account.events.update","unauthenticated=401; staff role=403; cookie without CSRF=403; non-selected LINE account ID/query swap=404; undeclared target LINE account rejects the whole operation","no enterprise tenant migration; add explicit target LINE account snapshot, authorization decision, and audit record","yes","apps/worker/src/routes/events.ts","271"
"/api/events/admin/events/:id/bookings","GET","events","read","cross_account","Bearer API key or authenticated session cookie","account predicate/derivation present in handler","owner|admin + explicit target LINE account set + audit + cross_account.events.read","unauthenticated=401; non-selected LINE account ID/query swap=404; undeclared target LINE account rejects the whole operation","no enterprise tenant migration; add explicit target LINE account snapshot, authorization decision, and audit record","yes","apps/worker/src/routes/events.ts","1184"
"/api/events/admin/events/:id/bookings/:bookingId","PUT","events","update","cross_account","Bearer API key or authenticated session cookie","account predicate/derivation present in handler","owner|admin + explicit target LINE account set + audit + cross_account.events.update","unauthenticated=401; staff role=403; cookie without CSRF=403; non-selected LINE account ID/query swap=404; undeclared target LINE account rejects the whole operation","no enterprise tenant migration; add explicit target LINE account snapshot, authorization decision, and audit record","yes","apps/worker/src/routes/events.ts","1396"
"/api/events/admin/events/:id/bookings/:bookingId/cancel","POST","events","cancel","cross_account","Bearer API key or authenticated session cookie","account predicate/derivation present in handler","owner|admin + explicit target LINE account set + audit + cross_account.events.cancel","unauthenticated=401; staff role=403; cookie without CSRF=403; non-selected LINE account ID/query swap=404; undeclared target LINE account rejects the whole operation","no enterprise tenant migration; add explicit target LINE account snapshot, authorization decision, and audit record","yes","apps/worker/src/routes/events.ts","1370"
"/api/events/admin/events/:id/bookings/:bookingId/decide","POST","events","decide","cross_account","Bearer API key or authenticated session cookie","account predicate/derivation present in handler","owner|admin + explicit target LINE account set + audit + cross_account.events.decide","unauthenticated=401; staff role=403; cookie without CSRF=403; non-selected LINE account ID/query swap=404; undeclared target LINE account rejects the whole operation; duplicate request produces one side effect","no enterprise tenant migration; add explicit target LINE account snapshot, authorization decision, and audit record","yes","apps/worker/src/routes/events.ts","1297"
"/api/events/admin/events/:id/slots","GET","events","read","cross_account","Bearer API key or authenticated session cookie","account predicate/derivation present in handler","owner|admin + explicit target LINE account set + audit + cross_account.events.read","unauthenticated=401; non-selected LINE account ID/query swap=404; undeclared target LINE account rejects the whole operation","no enterprise tenant migration; add explicit target LINE account snapshot, authorization decision, and audit record","yes","apps/worker/src/routes/events.ts","514"
"/api/events/admin/events/:id/slots","POST","events","create","cross_account","Bearer API key or authenticated session cookie","account predicate/derivation present in handler","owner|admin + explicit target LINE account set + audit + cross_account.events.create","unauthenticated=401; staff role=403; cookie without CSRF=403; non-selected LINE account ID/query swap=404; undeclared target LINE account rejects the whole operation","no enterprise tenant migration; add explicit target LINE account snapshot, authorization decision, and audit record","yes","apps/worker/src/routes/events.ts","532"
"/api/events/admin/events/:id/slots/:slotId","DELETE","events","delete","cross_account","Bearer API key or authenticated session cookie","account predicate/derivation present in handler","owner|admin + explicit target LINE account set + audit + cross_account.events.delete","unauthenticated=401; staff role=403; cookie without CSRF=403; non-selected LINE account ID/query swap=404; undeclared target LINE account rejects the whole operation","no enterprise tenant migration; add explicit target LINE account snapshot, authorization decision, and audit record","yes","apps/worker/src/routes/events.ts","1142"
"/api/events/admin/events/:id/slots/:slotId","PUT","events","update","cross_account","Bearer API key or authenticated session cookie","account predicate/derivation present in handler","owner|admin + explicit target LINE account set + audit + cross_account.events.update","unauthenticated=401; staff role=403; cookie without CSRF=403; non-selected LINE account ID/query swap=404; undeclared target LINE account rejects the whole operation","no enterprise tenant migration; add explicit target LINE account snapshot, authorization decision, and audit record","yes","apps/worker/src/routes/events.ts","568"
"/api/events/admin/events/notifications/pending","GET","events","list","cross_account","Bearer API key or authenticated session cookie","account predicate/derivation present in handler","owner|admin + explicit target LINE account set + audit + cross_account.events.list","unauthenticated=401; non-selected LINE account ID/query swap=404; undeclared target LINE account rejects the whole operation","no enterprise tenant migration; add explicit target LINE account snapshot, authorization decision, and audit record","yes","apps/worker/src/routes/events.ts","1170"
"/api/forms","GET","forms","list","line_account","Bearer API key or authenticated session cookie","none beyond current authentication","owner|admin|staff + required line_account context + forms.read","unauthenticated=401; non-selected LINE account ID/query swap=404","line_account_id backfill/derivation + line_account context predicate + account-prefixed index","yes","apps/worker/src/routes/forms.ts","66"
"/api/forms","POST","forms","create","line_account","Bearer API key or authenticated session cookie","none beyond current authentication","owner|admin + required line_account context + forms.create","unauthenticated=401; staff role=403; cookie without CSRF=403; non-selected LINE account ID/query swap=404","line_account_id backfill/derivation + line_account context predicate + account-prefixed index","yes","apps/worker/src/routes/forms.ts","100"
"/api/forms/:id","DELETE","forms","delete","line_account","none (path-only auth bypass also covers admin mutation)","none beyond current authentication","owner|admin + line_account context + forms.delete; auth bypass must be method-aware","unauthenticated mutation=401 after fix; public GET remains 200; account-B ID=404; no state change","bind public identity/capability to deployment and line_account; add replay/idempotency audit fields where state changes","yes","apps/worker/src/routes/forms.ts","201"
"/api/forms/:id","GET","forms","read","line_account","none (public form definition)","none beyond current authentication","public read limited to published/non-secret data + required line_account context","unexpected Authorization does not widen data; unpublished/secret/cross-account object=404; mutation is rate-limited and replay-safe","bind public identity/capability to deployment and line_account; add replay/idempotency audit fields where state changes","yes","apps/worker/src/routes/forms.ts","85"
"/api/forms/:id","PUT","forms","update","line_account","none (path-only auth bypass also covers admin mutation)","none beyond current authentication","owner|admin + line_account context + forms.update; auth bypass must be method-aware","unauthenticated mutation=401 after fix; public GET remains 200; account-B ID=404; no state change","bind public identity/capability to deployment and line_account; add replay/idempotency audit fields where state changes","yes","apps/worker/src/routes/forms.ts","148"
"/api/forms/:id/opened","POST","forms","opened","line_account","none (public form mutation)","none beyond current authentication","public form capability + required line_account context/binding + rate limit + replay/idempotency control","unexpected Authorization does not widen data; unpublished/secret/cross-account object=404; mutation is rate-limited and replay-safe","bind public identity/capability to deployment and line_account; add replay/idempotency audit fields where state changes","yes","apps/worker/src/routes/forms.ts","233"
"/api/forms/:id/partial","POST","forms","partial","line_account","none (public form mutation)","none beyond current authentication","public form capability + required line_account context/binding + rate limit + replay/idempotency control","unexpected Authorization does not widen data; unpublished/secret/cross-account object=404; mutation is rate-limited and replay-safe","bind public identity/capability to deployment and line_account; add replay/idempotency audit fields where state changes","yes","apps/worker/src/routes/forms.ts","266"
"/api/forms/:id/submissions","GET","forms","read","line_account","Bearer API key or authenticated session cookie","none beyond current authentication","owner|admin|staff + required line_account context + forms.read","unauthenticated=401; non-selected LINE account ID/query swap=404","line_account_id backfill/derivation + line_account context predicate + account-prefixed index","yes","apps/worker/src/routes/forms.ts","217"
"/api/forms/:id/submit","POST","forms","submit","line_account","none (public form mutation)","account predicate/derivation present in handler","public form capability + required line_account context/binding + rate limit + replay/idempotency control","unexpected Authorization does not widen data; unpublished/secret/cross-account object=404; mutation is rate-limited and replay-safe","bind public identity/capability to deployment and line_account; add replay/idempotency audit fields where state changes","yes","apps/worker/src/routes/forms.ts","297"
"/api/friend-reminders/:id","DELETE","friend-reminders","delete","line_account","Bearer API key or authenticated session cookie","none beyond current authentication","owner|admin + required line_account context + friend-reminders.delete","unauthenticated=401; staff role=403; cookie without CSRF=403; non-selected LINE account ID/query swap=404","line_account_id backfill/derivation + line_account context predicate + account-prefixed index","yes","apps/worker/src/routes/reminders.ts","195"
"/api/friends","GET","friends","list","line_account","Bearer API key or authenticated session cookie","account predicate/derivation present in handler","owner|admin|staff + required line_account context + friends.read","unauthenticated=401; non-selected LINE account ID/query swap=404","line_account_id backfill/derivation + line_account context predicate + account-prefixed index","yes","apps/worker/src/routes/friends.ts","83"
"/api/friends/:friendId/reminders","GET","friends","read","line_account","Bearer API key or authenticated session cookie","none beyond current authentication","owner|admin|staff + required line_account context + friends.read","unauthenticated=401; non-selected LINE account ID/query swap=404","line_account_id backfill/derivation + line_account context predicate + account-prefixed index","yes","apps/worker/src/routes/reminders.ts","174"
"/api/friends/:friendId/rich-menu","DELETE","friends","delete","line_account","Bearer API key or authenticated session cookie","account predicate/derivation present in handler","owner|admin + required line_account context + friends.delete","unauthenticated=401; staff role=403; cookie without CSRF=403; non-selected LINE account ID/query swap=404","line_account_id backfill/derivation + line_account context predicate + account-prefixed index","yes","apps/worker/src/routes/rich-menus.ts","107"
"/api/friends/:friendId/rich-menu","GET","friends","read","line_account","Bearer API key or authenticated session cookie","account predicate/derivation present in handler","owner|admin|staff + required line_account context + friends.read","unauthenticated=401; non-selected LINE account ID/query swap=404","line_account_id backfill/derivation + line_account context predicate + account-prefixed index","yes","apps/worker/src/routes/rich-menus.ts","135"
"/api/friends/:friendId/rich-menu","POST","friends","create","line_account","Bearer API key or authenticated session cookie","account predicate/derivation present in handler","owner|admin + required line_account context + friends.create","unauthenticated=401; staff role=403; cookie without CSRF=403; non-selected LINE account ID/query swap=404","line_account_id backfill/derivation + line_account context predicate + account-prefixed index","yes","apps/worker/src/routes/rich-menus.ts","74"
"/api/friends/:id","GET","friends","read","line_account","Bearer API key or authenticated session cookie","none beyond current authentication","owner|admin|staff + required line_account context + friends.read","unauthenticated=401; non-selected LINE account ID/query swap=404","line_account_id backfill/derivation + line_account context predicate + account-prefixed index","yes","apps/worker/src/routes/friends.ts","394"
"/api/friends/:id/journey","GET","friends","read","line_account","Bearer API key or authenticated session cookie","none beyond current authentication","owner|admin|staff + required line_account context + friends.read","unauthenticated=401; non-selected LINE account ID/query swap=404","line_account_id backfill/derivation + line_account context predicate + account-prefixed index","yes","apps/worker/src/routes/affiliates.ts","300"
"/api/friends/:id/messages","GET","friends","read","line_account","Bearer API key or authenticated session cookie","none beyond current authentication","owner|admin|staff + required line_account context + friends.read","unauthenticated=401; non-selected LINE account ID/query swap=404","line_account_id backfill/derivation + line_account context predicate + account-prefixed index","yes","apps/worker/src/routes/friends.ts","514"
"/api/friends/:id/messages","POST","friends","create","line_account","Bearer API key or authenticated session cookie","account predicate/derivation present in handler","owner|admin + required line_account context + friends.create","unauthenticated=401; staff role=403; cookie without CSRF=403; non-selected LINE account ID/query swap=404","line_account_id backfill/derivation + line_account context predicate + account-prefixed index","yes","apps/worker/src/routes/friends.ts","539"
"/api/friends/:id/metadata","PUT","friends","update","line_account","Bearer API key or authenticated session cookie","none beyond current authentication","owner|admin + required line_account context + friends.update","unauthenticated=401; staff role=403; cookie without CSRF=403; non-selected LINE account ID/query swap=404","line_account_id backfill/derivation + line_account context predicate + account-prefixed index","yes","apps/worker/src/routes/friends.ts","477"
"/api/friends/:id/score","GET","friends","read","line_account","Bearer API key or authenticated session cookie","none beyond current authentication","owner|admin|staff + required line_account context + friends.read","unauthenticated=401; non-selected LINE account ID/query swap=404","line_account_id backfill/derivation + line_account context predicate + account-prefixed index","yes","apps/worker/src/routes/scoring.ts","93"
"/api/friends/:id/score","POST","friends","create","line_account","Bearer API key or authenticated session cookie","none beyond current authentication","owner|admin + required line_account context + friends.create","unauthenticated=401; staff role=403; cookie without CSRF=403; non-selected LINE account ID/query swap=404","line_account_id backfill/derivation + line_account context predicate + account-prefixed index","yes","apps/worker/src/routes/scoring.ts","121"
"/api/friends/:id/tags","POST","friends","create","line_account","Bearer API key or authenticated session cookie","none beyond current authentication","owner|admin + required line_account context + friends.create","unauthenticated=401; staff role=403; cookie without CSRF=403; non-selected LINE account ID/query swap=404","line_account_id backfill/derivation + line_account context predicate + account-prefixed index","yes","apps/worker/src/routes/friends.ts","422"
"/api/friends/:id/tags/:tagId","DELETE","friends","delete","line_account","Bearer API key or authenticated session cookie","none beyond current authentication","owner|admin + required line_account context + friends.delete","unauthenticated=401; staff role=403; cookie without CSRF=403; non-selected LINE account ID/query swap=404","line_account_id backfill/derivation + line_account context predicate + account-prefixed index","yes","apps/worker/src/routes/friends.ts","459"
"/api/friends/count","GET","friends","list","line_account","Bearer API key or authenticated session cookie","account predicate/derivation present in handler","owner|admin|staff + required line_account context + friends.read","unauthenticated=401; non-selected LINE account ID/query swap=404","line_account_id backfill/derivation + line_account context predicate + account-prefixed index","yes","apps/worker/src/routes/friends.ts","349"
"/api/friends/ref-stats","GET","friends","list","line_account","Bearer API key or authenticated session cookie","account predicate/derivation present in handler","owner|admin|staff + required line_account context + friends.read","unauthenticated=401; non-selected LINE account ID/query swap=404","line_account_id backfill/derivation + line_account context predicate + account-prefixed index","yes","apps/worker/src/routes/friends.ts","368"
"/api/health","GET","health","list","system","none (public operational/read endpoint)","none beyond current authentication","public read limited to published/non-secret data","unexpected Authorization does not widen data; unpublished/secret/cross-account object=404; mutation is rate-limited and replay-safe","no tenant-key migration; preserve operational authentication and audit","yes","apps/worker/src/routes/health.ts","23"
"/api/images","POST","images","create","line_account","Bearer API key or authenticated session cookie","none beyond current authentication","owner|admin + required line_account context + images.create","unauthenticated=401; staff role=403; cookie without CSRF=403; non-selected LINE account ID/query swap=404","line_account_id backfill/derivation + line_account context predicate + account-prefixed index","yes","apps/worker/src/routes/images.ts","7"
"/api/images/:key","DELETE","images","delete","line_account","Bearer API key or authenticated session cookie","none beyond current authentication","owner|admin + required line_account context + images.delete","unauthenticated=401; staff role=403; cookie without CSRF=403; non-selected LINE account ID/query swap=404","line_account_id backfill/derivation + line_account context predicate + account-prefixed index","yes","apps/worker/src/routes/images.ts","93"
"/api/inbox/unanswered","GET","inbox","list","line_account","Bearer API key or authenticated session cookie","none beyond current authentication","owner|admin|staff + required line_account context + inbox.read","unauthenticated=401; non-selected LINE account ID/query swap=404","line_account_id backfill/derivation + line_account context predicate + account-prefixed index","yes","apps/worker/src/routes/inbox.ts","11"
"/api/inbox/unanswered/count","GET","inbox","list","line_account","Bearer API key or authenticated session cookie","none beyond current authentication","owner|admin|staff + required line_account context + inbox.read","unauthenticated=401; non-selected LINE account ID/query swap=404","line_account_id backfill/derivation + line_account context predicate + account-prefixed index","yes","apps/worker/src/routes/inbox.ts","35"
"/api/integrations/google-calendar","GET","integrations/google-calendar","list","line_account","Bearer API key or authenticated session cookie","none beyond current authentication","owner|admin|staff + required line_account context + integrations/google-calendar.read","unauthenticated=401; non-selected LINE account ID/query swap=404","line_account_id backfill/derivation + line_account context predicate + account-prefixed index","yes","apps/worker/src/routes/calendar.ts","22"
"/api/integrations/google-calendar/:id","DELETE","integrations/google-calendar","delete","line_account","Bearer API key or authenticated session cookie","none beyond current authentication","owner|admin + required line_account context + integrations/google-calendar.delete","unauthenticated=401; staff role=403; cookie without CSRF=403; non-selected LINE account ID/query swap=404","line_account_id backfill/derivation + line_account context predicate + account-prefixed index","yes","apps/worker/src/routes/calendar.ts","57"
"/api/integrations/google-calendar/book","POST","integrations/google-calendar","create","line_account","Bearer API key or authenticated session cookie","none beyond current authentication","owner|admin + required line_account context + integrations/google-calendar.create","unauthenticated=401; staff role=403; cookie without CSRF=403; non-selected LINE account ID/query swap=404","line_account_id backfill/derivation + line_account context predicate + account-prefixed index","yes","apps/worker/src/routes/calendar.ts","175"
"/api/integrations/google-calendar/bookings","GET","integrations/google-calendar","list","line_account","Bearer API key or authenticated session cookie","none beyond current authentication","owner|admin|staff + required line_account context + integrations/google-calendar.read","unauthenticated=401; non-selected LINE account ID/query swap=404","line_account_id backfill/derivation + line_account context predicate + account-prefixed index","yes","apps/worker/src/routes/calendar.ts","149"
"/api/integrations/google-calendar/bookings/:id/status","PUT","integrations/google-calendar","update","line_account","Bearer API key or authenticated session cookie","none beyond current authentication","owner|admin + required line_account context + integrations/google-calendar.update","unauthenticated=401; staff role=403; cookie without CSRF=403; non-selected LINE account ID/query swap=404","line_account_id backfill/derivation + line_account context predicate + account-prefixed index","yes","apps/worker/src/routes/calendar.ts","231"
"/api/integrations/google-calendar/connect","POST","integrations/google-calendar","create","line_account","Bearer API key or authenticated session cookie","none beyond current authentication","owner|admin + required line_account context + integrations/google-calendar.create","unauthenticated=401; staff role=403; cookie without CSRF=403; non-selected LINE account ID/query swap=404","line_account_id backfill/derivation + line_account context predicate + account-prefixed index","yes","apps/worker/src/routes/calendar.ts","42"
"/api/integrations/google-calendar/slots","GET","integrations/google-calendar","list","line_account","Bearer API key or authenticated session cookie","none beyond current authentication","owner|admin|staff + required line_account context + integrations/google-calendar.read","unauthenticated=401; non-selected LINE account ID/query swap=404","line_account_id backfill/derivation + line_account context predicate + account-prefixed index","yes","apps/worker/src/routes/calendar.ts","69"
"/api/integrations/stripe/events","GET","integrations/stripe","list","line_account","Bearer API key or authenticated session cookie","none beyond current authentication","owner|admin|staff + required line_account context + integrations/stripe.read","unauthenticated=401; non-selected LINE account ID/query swap=404","line_account_id backfill/derivation + line_account context predicate + account-prefixed index","yes","apps/worker/src/routes/stripe.ts","29"
"/api/integrations/stripe/webhook","POST","integrations/stripe","create","line_account","Stripe signature verification","request signature","service:stripe_webhook + valid signature + resolved required line_account context + replay protection","missing/invalid signature=401; stale timestamp/replay rejected; account mismatch rejected; no side effect","bind public identity/capability to deployment and line_account; add replay/idempotency audit fields where state changes","yes","apps/worker/src/routes/stripe.ts","85"
"/api/liff/affiliate/links","POST","liff/affiliate","create","line_account","none (public LIFF route)","account predicate/derivation present in handler","signed/capability-scoped service action + required line_account context; no ambient public write","unexpected Authorization does not widen data; unpublished/secret/cross-account object=404; mutation is rate-limited and replay-safe","bind public identity/capability to deployment and line_account; add replay/idempotency audit fields where state changes","yes","apps/worker/src/routes/affiliate-self.ts","278"
"/api/liff/affiliate/me","GET","liff/affiliate","list","line_account","none (public LIFF route)","none beyond current authentication","public read limited to published/non-secret data + required line_account context","unexpected Authorization does not widen data; unpublished/secret/cross-account object=404; mutation is rate-limited and replay-safe","bind public identity/capability to deployment and line_account; add replay/idempotency audit fields where state changes","yes","apps/worker/src/routes/affiliate-self.ts","231"
"/api/liff/affiliate/offers","GET","liff/affiliate","list","line_account","none (public LIFF route)","none beyond current authentication","public read limited to published/non-secret data + required line_account context","unexpected Authorization does not widen data; unpublished/secret/cross-account object=404; mutation is rate-limited and replay-safe","bind public identity/capability to deployment and line_account; add replay/idempotency audit fields where state changes","yes","apps/worker/src/routes/affiliate-self.ts","351"
"/api/liff/affiliate/offers/:id/enroll","POST","liff/affiliate","create","line_account","none (public LIFF route)","none beyond current authentication","signed/capability-scoped service action + required line_account context; no ambient public write","unexpected Authorization does not widen data; unpublished/secret/cross-account object=404; mutation is rate-limited and replay-safe","bind public identity/capability to deployment and line_account; add replay/idempotency audit fields where state changes","yes","apps/worker/src/routes/affiliate-self.ts","409"
"/api/liff/affiliate/register","POST","liff/affiliate","create","line_account","none (public LIFF route)","none beyond current authentication","signed/capability-scoped service action + required line_account context; no ambient public write","unexpected Authorization does not widen data; unpublished/secret/cross-account object=404; mutation is rate-limited and replay-safe","bind public identity/capability to deployment and line_account; add replay/idempotency audit fields where state changes","yes","apps/worker/src/routes/affiliate-self.ts","161"
"/api/liff/booking/availability","GET","liff/booking","list","line_account","none (public LIFF route)","account predicate/derivation present in handler","public read limited to published/non-secret data + required line_account context","unexpected Authorization does not widen data; unpublished/secret/cross-account object=404; mutation is rate-limited and replay-safe","bind public identity/capability to deployment and line_account; add replay/idempotency audit fields where state changes","yes","apps/worker/src/routes/booking.ts","256"
"/api/liff/booking/me","GET","liff/booking","list","line_account","LINE ID token verified in handler","LINE subject verification; account predicate/derivation present in handler","line_user:self + verified LINE subject + required line_account context/binding","missing/invalid token=401; token subject swap=403; account mismatch=404; replay has no second side effect","bind public identity/capability to deployment and line_account; add replay/idempotency audit fields where state changes","yes","apps/worker/src/routes/booking.ts","480"
"/api/liff/booking/menus","GET","liff/booking","list","line_account","none (public LIFF route)","account predicate/derivation present in handler","public read limited to published/non-secret data + required line_account context","unexpected Authorization does not widen data; unpublished/secret/cross-account object=404; mutation is rate-limited and replay-safe","bind public identity/capability to deployment and line_account; add replay/idempotency audit fields where state changes","yes","apps/worker/src/routes/booking.ts","218"
"/api/liff/booking/menus/:id/staff","GET","liff/booking","read","line_account","none (public LIFF route)","account predicate/derivation present in handler","public read limited to published/non-secret data + required line_account context","unexpected Authorization does not widen data; unpublished/secret/cross-account object=404; mutation is rate-limited and replay-safe","bind public identity/capability to deployment and line_account; add replay/idempotency audit fields where state changes","yes","apps/worker/src/routes/booking.ts","235"
"/api/liff/booking/requests","POST","liff/booking","create","line_account","LINE ID token verified in handler","LINE subject verification; account predicate/derivation present in handler","line_user:self + verified LINE subject + required line_account context/binding","missing/invalid token=401; token subject swap=403; account mismatch=404; replay has no second side effect","bind public identity/capability to deployment and line_account; add replay/idempotency audit fields where state changes","yes","apps/worker/src/routes/booking.ts","283"
"/api/liff/config","GET","liff/config","list","line_account","none (public LIFF route)","account predicate/derivation present in handler","public read limited to published/non-secret data + required line_account context","unexpected Authorization does not widen data; unpublished/secret/cross-account object=404; mutation is rate-limited and replay-safe","bind public identity/capability to deployment and line_account; add replay/idempotency audit fields where state changes","yes","apps/worker/src/routes/liff.ts","1065"
"/api/liff/events/:id","GET","liff/events","read","line_account","none (public LIFF route)","account predicate/derivation present in handler","public read limited to published/non-secret data + required line_account context","unexpected Authorization does not widen data; unpublished/secret/cross-account object=404; mutation is rate-limited and replay-safe","bind public identity/capability to deployment and line_account; add replay/idempotency audit fields where state changes","yes","apps/worker/src/routes/events.ts","745"
"/api/liff/events/:id/bookings","POST","liff/events","create","line_account","none (public LIFF route)","account predicate/derivation present in handler","signed/capability-scoped service action + required line_account context; no ambient public write","unexpected Authorization does not widen data; unpublished/secret/cross-account object=404; mutation is rate-limited and replay-safe","bind public identity/capability to deployment and line_account; add replay/idempotency audit fields where state changes","yes","apps/worker/src/routes/events.ts","854"
"/api/liff/events/:id/slots","GET","liff/events","read","line_account","none (public LIFF route)","account predicate/derivation present in handler","public read limited to published/non-secret data + required line_account context","unexpected Authorization does not widen data; unpublished/secret/cross-account object=404; mutation is rate-limited and replay-safe","bind public identity/capability to deployment and line_account; add replay/idempotency audit fields where state changes","yes","apps/worker/src/routes/events.ts","802"
"/api/liff/events/me","GET","liff/events","list","line_account","none (public LIFF route)","account predicate/derivation present in handler","public read limited to published/non-secret data + required line_account context","unexpected Authorization does not widen data; unpublished/secret/cross-account object=404; mutation is rate-limited and replay-safe","bind public identity/capability to deployment and line_account; add replay/idempotency audit fields where state changes","yes","apps/worker/src/routes/events.ts","623"
"/api/liff/events/me/:bookingId","GET","liff/events","read","line_account","none (public LIFF route)","account predicate/derivation present in handler","public read limited to published/non-secret data + required line_account context","unexpected Authorization does not widen data; unpublished/secret/cross-account object=404; mutation is rate-limited and replay-safe","bind public identity/capability to deployment and line_account; add replay/idempotency audit fields where state changes","yes","apps/worker/src/routes/events.ts","668"
"/api/liff/events/me/:bookingId/cancel","POST","liff/events","cancel","line_account","none (public LIFF route)","account predicate/derivation present in handler","signed/capability-scoped service action + required line_account context; no ambient public write","unexpected Authorization does not widen data; unpublished/secret/cross-account object=404; mutation is rate-limited and replay-safe","bind public identity/capability to deployment and line_account; add replay/idempotency audit fields where state changes","yes","apps/worker/src/routes/events.ts","700"
"/api/liff/link","POST","liff/link","link","line_account","LINE ID token verified in handler","LINE subject verification","line_user:self + verified LINE subject + required line_account context/binding","missing/invalid token=401; token subject swap=403; account mismatch=404; replay has no second side effect","bind public identity/capability to deployment and line_account; add replay/idempotency audit fields where state changes","yes","apps/worker/src/routes/liff.ts","1137"
"/api/liff/profile","POST","liff/profile","create","line_account","none (public LIFF route)","none beyond current authentication","signed/capability-scoped service action + required line_account context; no ambient public write","unexpected Authorization does not widen data; unpublished/secret/cross-account object=404; mutation is rate-limited and replay-safe","bind public identity/capability to deployment and line_account; add replay/idempotency audit fields where state changes","yes","apps/worker/src/routes/liff.ts","1109"
"/api/liff/send-form-link","POST","liff/send-form-link","create","line_account","LINE ID token verified in handler","LINE subject verification; account predicate/derivation present in handler","line_user:self + verified LINE subject + required line_account context/binding","missing/invalid token=401; token subject swap=403; account mismatch=404; replay has no second side effect","bind public identity/capability to deployment and line_account; add replay/idempotency audit fields where state changes","yes","apps/worker/src/routes/liff.ts","1708"
"/api/line-accounts","GET","line-accounts","list","deployment","Bearer API key or authenticated session cookie","account predicate/derivation present in handler","owner|admin|staff + line-accounts.read","unauthenticated=401; non-selected LINE account ID/query swap=404","no tenant-key migration; enforce deployment role policy and audit","yes","apps/worker/src/routes/line-accounts.ts","67"
"/api/line-accounts","POST","line-accounts","create","deployment","Bearer API key or authenticated session cookie","role allowlist:owner","owner + deployment.line_account_manage + step-up confirmation","unauthenticated=401; staff role=403; cookie without CSRF=403; non-selected LINE account ID/query swap=404","no tenant-key migration; enforce deployment role policy and audit","yes","apps/worker/src/routes/line-accounts.ts","258"
"/api/line-accounts/:id","DELETE","line-accounts","delete","deployment","Bearer API key or authenticated session cookie","role allowlist:owner","owner + deployment.line_account_manage + step-up confirmation","unauthenticated=401; staff role=403; cookie without CSRF=403; non-selected LINE account ID/query swap=404","no tenant-key migration; enforce deployment role policy and audit","yes","apps/worker/src/routes/line-accounts.ts","624"
"/api/line-accounts/:id","GET","line-accounts","read","deployment","Bearer API key or authenticated session cookie","none beyond current authentication","owner|admin|staff + line-accounts.read","unauthenticated=401; non-selected LINE account ID/query swap=404","no tenant-key migration; enforce deployment role policy and audit","yes","apps/worker/src/routes/line-accounts.ts","115"
"/api/line-accounts/:id","PATCH","line-accounts","update","deployment","Bearer API key or authenticated session cookie","role allowlist:owner|admin","owner + deployment.line_account_manage + step-up confirmation","unauthenticated=401; staff role=403; cookie without CSRF=403; non-selected LINE account ID/query swap=404","no tenant-key migration; enforce deployment role policy and audit","yes","apps/worker/src/routes/line-accounts.ts","399"
"/api/line-accounts/:id","PUT","line-accounts","update","deployment","Bearer API key or authenticated session cookie","role allowlist:owner","owner + deployment.line_account_manage + step-up confirmation","unauthenticated=401; staff role=403; cookie without CSRF=403; non-selected LINE account ID/query swap=404","no tenant-key migration; enforce deployment role policy and audit","yes","apps/worker/src/routes/line-accounts.ts","519"
"/api/line-accounts/:id/follower-insight","GET","line-accounts","read","deployment","Bearer API key or authenticated session cookie","account predicate/derivation present in handler","owner|admin|staff + line-accounts.read","unauthenticated=401; non-selected LINE account ID/query swap=404","no tenant-key migration; enforce deployment role policy and audit","yes","apps/worker/src/routes/line-accounts.ts","133"
"/api/line-accounts/order","PATCH","line-accounts","update","deployment","Bearer API key or authenticated session cookie","role allowlist:owner|admin","owner + deployment.line_account_manage + step-up confirmation","unauthenticated=401; staff role=403; cookie without CSRF=403; non-selected LINE account ID/query swap=404","no tenant-key migration; enforce deployment role policy and audit","yes","apps/worker/src/routes/line-accounts.ts","359"
"/api/links/wrap","POST","links","create","line_account","Bearer API key or authenticated session cookie","none beyond current authentication","owner|admin + required line_account context + links.create","unauthenticated=401; staff role=403; cookie without CSRF=403; non-selected LINE account ID/query swap=404","line_account_id backfill/derivation + line_account context predicate + account-prefixed index","yes","apps/worker/src/routes/liff.ts","1457"
"/api/meet-callback","POST","meet-callback","create","line_account","none (public auth bypass)","account predicate/derivation present in handler","service:meet_callback + signed request + required line_account context/binding + idempotency","unsigned=401 after fix; forged line_user_id rejected; duplicate session_id causes one push/update only","bind public identity/capability to deployment and line_account; add replay/idempotency audit fields where state changes","yes","apps/worker/src/routes/meet-callback.ts","9"
"/api/message-templates","GET","message-templates","list","line_account","Bearer API key or authenticated session cookie","none beyond current authentication","owner|admin|staff + required line_account context + message-templates.read","unauthenticated=401; non-selected LINE account ID/query swap=404","line_account_id backfill/derivation + line_account context predicate + account-prefixed index","yes","apps/worker/src/routes/message-templates.ts","26"
"/api/message-templates","POST","message-templates","create","line_account","Bearer API key or authenticated session cookie","none beyond current authentication","owner|admin + required line_account context + message-templates.create","unauthenticated=401; staff role=403; cookie without CSRF=403; non-selected LINE account ID/query swap=404","line_account_id backfill/derivation + line_account context predicate + account-prefixed index","yes","apps/worker/src/routes/message-templates.ts","49"
"/api/message-templates/:id","DELETE","message-templates","delete","line_account","Bearer API key or authenticated session cookie","none beyond current authentication","owner|admin + required line_account context + message-templates.delete","unauthenticated=401; staff role=403; cookie without CSRF=403; non-selected LINE account ID/query swap=404","line_account_id backfill/derivation + line_account context predicate + account-prefixed index","yes","apps/worker/src/routes/message-templates.ts","127"
"/api/message-templates/:id","GET","message-templates","read","line_account","Bearer API key or authenticated session cookie","none beyond current authentication","owner|admin|staff + required line_account context + message-templates.read","unauthenticated=401; non-selected LINE account ID/query swap=404","line_account_id backfill/derivation + line_account context predicate + account-prefixed index","yes","apps/worker/src/routes/message-templates.ts","37"
"/api/message-templates/:id","PUT","message-templates","update","line_account","Bearer API key or authenticated session cookie","none beyond current authentication","owner|admin + required line_account context + message-templates.update","unauthenticated=401; staff role=403; cookie without CSRF=403; non-selected LINE account ID/query swap=404","line_account_id backfill/derivation + line_account context predicate + account-prefixed index","yes","apps/worker/src/routes/message-templates.ts","87"
"/api/notifications","GET","notifications","list","line_account","unreachable (router not mounted)","none; router is not mounted","define policy with required line_account context before mounting; otherwise remove dead handler","request returns 404; direct router test confirms no policy is accidentally assumed","no live-route impact; keep 404 contract until explicit mount PR","no","apps/worker/src/routes/notifications.ts","114"
"/api/notifications/rules","GET","notifications","list","line_account","unreachable (router not mounted)","none; router is not mounted","define policy with required line_account context before mounting; otherwise remove dead handler","request returns 404; direct router test confirms no policy is accidentally assumed","no live-route impact; keep 404 contract until explicit mount PR","no","apps/worker/src/routes/notifications.ts","16"
"/api/notifications/rules","POST","notifications","create","line_account","unreachable (router not mounted)","none; router is not mounted","define policy with required line_account context before mounting; otherwise remove dead handler","request returns 404; direct router test confirms no policy is accidentally assumed","no live-route impact; keep 404 contract until explicit mount PR","no","apps/worker/src/routes/notifications.ts","70"
"/api/notifications/rules/:id","DELETE","notifications","delete","line_account","unreachable (router not mounted)","none; router is not mounted","define policy with required line_account context before mounting; otherwise remove dead handler","request returns 404; direct router test confirms no policy is accidentally assumed","no live-route impact; keep 404 contract until explicit mount PR","no","apps/worker/src/routes/notifications.ts","102"
"/api/notifications/rules/:id","GET","notifications","read","line_account","unreachable (router not mounted)","none; router is not mounted","define policy with required line_account context before mounting; otherwise remove dead handler","request returns 404; direct router test confirms no policy is accidentally assumed","no live-route impact; keep 404 contract until explicit mount PR","no","apps/worker/src/routes/notifications.ts","48"
"/api/notifications/rules/:id","PUT","notifications","update","line_account","unreachable (router not mounted)","none; router is not mounted","define policy with required line_account context before mounting; otherwise remove dead handler","request returns 404; direct router test confirms no policy is accidentally assumed","no live-route impact; keep 404 contract until explicit mount PR","no","apps/worker/src/routes/notifications.ts","85"
"/api/operators","GET","operators","list","deployment","Bearer API key or authenticated session cookie","none beyond current authentication","owner|admin|staff + operators.read","unauthenticated=401; non-selected LINE account ID/query swap=404","no tenant-key migration; enforce deployment role policy and audit","yes","apps/worker/src/routes/chats.ts","127"
"/api/operators","POST","operators","create","deployment","Bearer API key or authenticated session cookie","none beyond current authentication","owner|admin + operators.create","unauthenticated=401; staff role=403; cookie without CSRF=403; non-selected LINE account ID/query swap=404","no tenant-key migration; enforce deployment role policy and audit","yes","apps/worker/src/routes/chats.ts","148"
"/api/operators/:id","DELETE","operators","delete","deployment","Bearer API key or authenticated session cookie","none beyond current authentication","owner|admin + operators.delete + idempotency/step-up","unauthenticated=401; staff role=403; cookie without CSRF=403; non-selected LINE account ID/query swap=404","no tenant-key migration; enforce deployment role policy and audit","yes","apps/worker/src/routes/chats.ts","174"
"/api/operators/:id","PUT","operators","update","deployment","Bearer API key or authenticated session cookie","none beyond current authentication","owner|admin + operators.update","unauthenticated=401; staff role=403; cookie without CSRF=403; non-selected LINE account ID/query swap=404","no tenant-key migration; enforce deployment role policy and audit","yes","apps/worker/src/routes/chats.ts","160"
"/api/qr","GET","qr","list","system","none (public redirect/asset endpoint)","none beyond current authentication","public read limited to published/non-secret data","unexpected Authorization does not widen data; unpublished/secret/cross-account object=404; mutation is rate-limited and replay-safe","no tenant-key migration; preserve operational authentication and audit","yes","apps/worker/src/index.ts","215"
"/api/reminders","GET","reminders","list","line_account","Bearer API key or authenticated session cookie","account predicate/derivation present in handler","owner|admin|staff + required line_account context + reminders.read","unauthenticated=401; non-selected LINE account ID/query swap=404","line_account_id backfill/derivation + line_account context predicate + account-prefixed index","yes","apps/worker/src/routes/reminders.ts","21"
"/api/reminders","POST","reminders","create","line_account","Bearer API key or authenticated session cookie","account predicate/derivation present in handler","owner|admin + required line_account context + reminders.create","unauthenticated=401; staff role=403; cookie without CSRF=403; non-selected LINE account ID/query swap=404","line_account_id backfill/derivation + line_account context predicate + account-prefixed index","yes","apps/worker/src/routes/reminders.ts","84"
"/api/reminders/:id","DELETE","reminders","delete","line_account","Bearer API key or authenticated session cookie","none beyond current authentication","owner|admin + required line_account context + reminders.delete","unauthenticated=401; staff role=403; cookie without CSRF=403; non-selected LINE account ID/query swap=404","line_account_id backfill/derivation + line_account context predicate + account-prefixed index","yes","apps/worker/src/routes/reminders.ts","115"
"/api/reminders/:id","GET","reminders","read","line_account","Bearer API key or authenticated session cookie","none beyond current authentication","owner|admin|staff + required line_account context + reminders.read","unauthenticated=401; non-selected LINE account ID/query swap=404","line_account_id backfill/derivation + line_account context predicate + account-prefixed index","yes","apps/worker/src/routes/reminders.ts","51"
"/api/reminders/:id","PUT","reminders","update","line_account","Bearer API key or authenticated session cookie","none beyond current authentication","owner|admin + required line_account context + reminders.update","unauthenticated=401; staff role=403; cookie without CSRF=403; non-selected LINE account ID/query swap=404","line_account_id backfill/derivation + line_account context predicate + account-prefixed index","yes","apps/worker/src/routes/reminders.ts","101"
"/api/reminders/:id/enroll/:friendId","POST","reminders","create","line_account","Bearer API key or authenticated session cookie","none beyond current authentication","owner|admin + required line_account context + reminders.create","unauthenticated=401; staff role=403; cookie without CSRF=403; non-selected LINE account ID/query swap=404","line_account_id backfill/derivation + line_account context predicate + account-prefixed index","yes","apps/worker/src/routes/reminders.ts","157"
"/api/reminders/:id/steps","POST","reminders","create","line_account","Bearer API key or authenticated session cookie","none beyond current authentication","owner|admin + required line_account context + reminders.create","unauthenticated=401; staff role=403; cookie without CSRF=403; non-selected LINE account ID/query swap=404","line_account_id backfill/derivation + line_account context predicate + account-prefixed index","yes","apps/worker/src/routes/reminders.ts","127"
"/api/reminders/:reminderId/steps/:stepId","DELETE","reminders","delete","line_account","Bearer API key or authenticated session cookie","none beyond current authentication","owner|admin + required line_account context + reminders.delete","unauthenticated=401; staff role=403; cookie without CSRF=403; non-selected LINE account ID/query swap=404","line_account_id backfill/derivation + line_account context predicate + account-prefixed index","yes","apps/worker/src/routes/reminders.ts","145"
"/api/rich-menu-groups","GET","rich-menu-groups","list","line_account","Bearer API key or authenticated session cookie","account predicate/derivation present in handler","owner|admin|staff + required line_account context + rich-menu-groups.read","unauthenticated=401; non-selected LINE account ID/query swap=404","line_account_id backfill/derivation + line_account context predicate + account-prefixed index","yes","apps/worker/src/routes/rich-menu-groups.ts","581"
"/api/rich-menu-groups","POST","rich-menu-groups","create","line_account","Bearer API key or authenticated session cookie","none beyond current authentication","owner|admin + required line_account context + rich-menu-groups.create","unauthenticated=401; staff role=403; cookie without CSRF=403; non-selected LINE account ID/query swap=404","line_account_id backfill/derivation + line_account context predicate + account-prefixed index","yes","apps/worker/src/routes/rich-menu-groups.ts","632"
"/api/rich-menu-groups/:groupId","DELETE","rich-menu-groups","delete","line_account","Bearer API key or authenticated session cookie","none beyond current authentication","owner|admin + required line_account context + rich-menu-groups.delete","unauthenticated=401; staff role=403; cookie without CSRF=403; non-selected LINE account ID/query swap=404","line_account_id backfill/derivation + line_account context predicate + account-prefixed index","yes","apps/worker/src/routes/rich-menu-groups.ts","670"
"/api/rich-menu-groups/:groupId","GET","rich-menu-groups","read","line_account","Bearer API key or authenticated session cookie","none beyond current authentication","owner|admin|staff + required line_account context + rich-menu-groups.read","unauthenticated=401; non-selected LINE account ID/query swap=404","line_account_id backfill/derivation + line_account context predicate + account-prefixed index","yes","apps/worker/src/routes/rich-menu-groups.ts","625"
"/api/rich-menu-groups/:groupId","PATCH","rich-menu-groups","update","line_account","Bearer API key or authenticated session cookie","none beyond current authentication","owner|admin + required line_account context + rich-menu-groups.update","unauthenticated=401; staff role=403; cookie without CSRF=403; non-selected LINE account ID/query swap=404","line_account_id backfill/derivation + line_account context predicate + account-prefixed index","yes","apps/worker/src/routes/rich-menu-groups.ts","647"
"/api/rich-menu-groups/:groupId/apply-to-tag","POST","rich-menu-groups","create","line_account","Bearer API key or authenticated session cookie","account predicate/derivation present in handler","owner|admin + required line_account context + rich-menu-groups.create","unauthenticated=401; staff role=403; cookie without CSRF=403; non-selected LINE account ID/query swap=404","line_account_id backfill/derivation + line_account context predicate + account-prefixed index","yes","apps/worker/src/routes/rich-menu-groups.ts","944"
"/api/rich-menu-groups/:groupId/pages/:pageId/image","POST","rich-menu-groups","create","line_account","Bearer API key or authenticated session cookie","account predicate/derivation present in handler","owner|admin + required line_account context + rich-menu-groups.create","unauthenticated=401; staff role=403; cookie without CSRF=403; non-selected LINE account ID/query swap=404","line_account_id backfill/derivation + line_account context predicate + account-prefixed index","yes","apps/worker/src/routes/rich-menu-groups.ts","694"
"/api/rich-menu-groups/:groupId/publish","POST","rich-menu-groups","publish","line_account","Bearer API key or authenticated session cookie","account predicate/derivation present in handler","owner|admin + required line_account context + rich-menu-groups.publish","unauthenticated=401; staff role=403; cookie without CSRF=403; non-selected LINE account ID/query swap=404; duplicate request produces one side effect","line_account_id backfill/derivation + line_account context predicate + account-prefixed index + outbox/idempotency record","yes","apps/worker/src/routes/rich-menu-groups.ts","839"
"/api/rich-menu-groups/:groupId/unpublish","POST","rich-menu-groups","unpublish","line_account","Bearer API key or authenticated session cookie","account predicate/derivation present in handler","owner|admin + required line_account context + rich-menu-groups.unpublish","unauthenticated=401; staff role=403; cookie without CSRF=403; non-selected LINE account ID/query swap=404","line_account_id backfill/derivation + line_account context predicate + account-prefixed index","yes","apps/worker/src/routes/rich-menu-groups.ts","897"
"/api/rich-menu-groups/external","GET","rich-menu-groups","list","line_account","Bearer API key or authenticated session cookie","account predicate/derivation present in handler","owner|admin|staff + required line_account context + rich-menu-groups.read","unauthenticated=401; non-selected LINE account ID/query swap=404","line_account_id backfill/derivation + line_account context predicate + account-prefixed index","yes","apps/worker/src/routes/rich-menu-groups.ts","452"
"/api/rich-menu-groups/external/:richMenuId","DELETE","rich-menu-groups","delete","line_account","Bearer API key or authenticated session cookie","account predicate/derivation present in handler","owner|admin + required line_account context + rich-menu-groups.delete","unauthenticated=401; staff role=403; cookie without CSRF=403; non-selected LINE account ID/query swap=404","line_account_id backfill/derivation + line_account context predicate + account-prefixed index","yes","apps/worker/src/routes/rich-menu-groups.ts","541"
"/api/rich-menu-groups/external/:richMenuId/image","GET","rich-menu-groups","read","line_account","none (public image endpoint)","account predicate/derivation present in handler","public read limited to published/non-secret data + required line_account context","unexpected Authorization does not widen data; unpublished/secret/cross-account object=404; mutation is rate-limited and replay-safe","bind public identity/capability to deployment and line_account; add replay/idempotency audit fields where state changes","yes","apps/worker/src/routes/rich-menu-groups.ts","244"
"/api/rich-menu-groups/import","POST","rich-menu-groups","create","line_account","Bearer API key or authenticated session cookie","account predicate/derivation present in handler","owner|admin + required line_account context + rich-menu-groups.create","unauthenticated=401; staff role=403; cookie without CSRF=403; non-selected LINE account ID/query swap=404","line_account_id backfill/derivation + line_account context predicate + account-prefixed index","yes","apps/worker/src/routes/rich-menu-groups.ts","272"
"/api/rich-menu-images/:key{.+}","GET","rich-menu-images","read","line_account","none (public image endpoint)","none beyond current authentication","public read limited to published/non-secret data + required line_account context","unexpected Authorization does not widen data; unpublished/secret/cross-account object=404; mutation is rate-limited and replay-safe","bind public identity/capability to deployment and line_account; add replay/idempotency audit fields where state changes","yes","apps/worker/src/routes/rich-menu-groups.ts","735"
"/api/rich-menus","GET","rich-menus","list","line_account","Bearer API key or authenticated session cookie","none beyond current authentication","owner|admin|staff + required line_account context + rich-menus.read","unauthenticated=401; non-selected LINE account ID/query swap=404","line_account_id backfill/derivation + line_account context predicate + account-prefixed index","yes","apps/worker/src/routes/rich-menus.ts","19"
"/api/rich-menus","POST","rich-menus","create","line_account","Bearer API key or authenticated session cookie","none beyond current authentication","owner|admin + required line_account context + rich-menus.create","unauthenticated=401; staff role=403; cookie without CSRF=403; non-selected LINE account ID/query swap=404","line_account_id backfill/derivation + line_account context predicate + account-prefixed index","yes","apps/worker/src/routes/rich-menus.ts","32"
"/api/rich-menus/:id","DELETE","rich-menus","delete","line_account","Bearer API key or authenticated session cookie","none beyond current authentication","owner|admin + required line_account context + rich-menus.delete","unauthenticated=401; staff role=403; cookie without CSRF=403; non-selected LINE account ID/query swap=404","line_account_id backfill/derivation + line_account context predicate + account-prefixed index","yes","apps/worker/src/routes/rich-menus.ts","46"
"/api/rich-menus/:id/default","POST","rich-menus","create","line_account","Bearer API key or authenticated session cookie","none beyond current authentication","owner|admin + required line_account context + rich-menus.create","unauthenticated=401; staff role=403; cookie without CSRF=403; non-selected LINE account ID/query swap=404","line_account_id backfill/derivation + line_account context predicate + account-prefixed index","yes","apps/worker/src/routes/rich-menus.ts","60"
"/api/rich-menus/:id/image","POST","rich-menus","create","line_account","Bearer API key or authenticated session cookie","none beyond current authentication","owner|admin + required line_account context + rich-menus.create","unauthenticated=401; staff role=403; cookie without CSRF=403; non-selected LINE account ID/query swap=404","line_account_id backfill/derivation + line_account context predicate + account-prefixed index","yes","apps/worker/src/routes/rich-menus.ts","204"
"/api/scenarios","GET","scenarios","list","line_account","Bearer API key or authenticated session cookie","account predicate/derivation present in handler","owner|admin|staff + required line_account context + scenarios.read","unauthenticated=401; non-selected LINE account ID/query swap=404","line_account_id backfill/derivation + line_account context predicate + account-prefixed index","yes","apps/worker/src/routes/scenarios.ts","177"
"/api/scenarios","POST","scenarios","create","line_account","Bearer API key or authenticated session cookie","account predicate/derivation present in handler","owner|admin + required line_account context + scenarios.create","unauthenticated=401; staff role=403; cookie without CSRF=403; non-selected LINE account ID/query swap=404","line_account_id backfill/derivation + line_account context predicate + account-prefixed index","yes","apps/worker/src/routes/scenarios.ts","236"
"/api/scenarios/:id","DELETE","scenarios","delete","line_account","Bearer API key or authenticated session cookie","none beyond current authentication","owner|admin + required line_account context + scenarios.delete","unauthenticated=401; staff role=403; cookie without CSRF=403; non-selected LINE account ID/query swap=404","line_account_id backfill/derivation + line_account context predicate + account-prefixed index","yes","apps/worker/src/routes/scenarios.ts","321"
"/api/scenarios/:id","GET","scenarios","read","line_account","Bearer API key or authenticated session cookie","none beyond current authentication","owner|admin|staff + required line_account context + scenarios.read","unauthenticated=401; non-selected LINE account ID/query swap=404","line_account_id backfill/derivation + line_account context predicate + account-prefixed index","yes","apps/worker/src/routes/scenarios.ts","213"
"/api/scenarios/:id","PUT","scenarios","update","line_account","Bearer API key or authenticated session cookie","none beyond current authentication","owner|admin + required line_account context + scenarios.update","unauthenticated=401; staff role=403; cookie without CSRF=403; non-selected LINE account ID/query swap=404","line_account_id backfill/derivation + line_account context predicate + account-prefixed index","yes","apps/worker/src/routes/scenarios.ts","285"
"/api/scenarios/:id/enroll/:friendId","POST","scenarios","create","line_account","Bearer API key or authenticated session cookie","none beyond current authentication","owner|admin + required line_account context + scenarios.create","unauthenticated=401; staff role=403; cookie without CSRF=403; non-selected LINE account ID/query swap=404","line_account_id backfill/derivation + line_account context predicate + account-prefixed index","yes","apps/worker/src/routes/scenarios.ts","776"
"/api/scenarios/:id/preview","GET","scenarios","preview","line_account","Bearer API key or authenticated session cookie","none beyond current authentication","owner|admin|staff + required line_account context + scenarios.read","unauthenticated=401; non-selected LINE account ID/query swap=404","line_account_id backfill/derivation + line_account context predicate + account-prefixed index","yes","apps/worker/src/routes/scenarios.ts","666"
"/api/scenarios/:id/stats","GET","scenarios","read","line_account","Bearer API key or authenticated session cookie","none beyond current authentication","owner|admin|staff + required line_account context + scenarios.read","unauthenticated=401; non-selected LINE account ID/query swap=404","line_account_id backfill/derivation + line_account context predicate + account-prefixed index","yes","apps/worker/src/routes/scenarios.ts","757"
"/api/scenarios/:id/steps","POST","scenarios","create","line_account","Bearer API key or authenticated session cookie","none beyond current authentication","owner|admin + required line_account context + scenarios.create","unauthenticated=401; staff role=403; cookie without CSRF=403; non-selected LINE account ID/query swap=404","line_account_id backfill/derivation + line_account context predicate + account-prefixed index","yes","apps/worker/src/routes/scenarios.ts","333"
"/api/scenarios/:id/steps/:stepId","DELETE","scenarios","delete","line_account","Bearer API key or authenticated session cookie","none beyond current authentication","owner|admin + required line_account context + scenarios.delete","unauthenticated=401; staff role=403; cookie without CSRF=403; non-selected LINE account ID/query swap=404","line_account_id backfill/derivation + line_account context predicate + account-prefixed index","yes","apps/worker/src/routes/scenarios.ts","577"
"/api/scenarios/:id/steps/:stepId","PUT","scenarios","update","line_account","Bearer API key or authenticated session cookie","none beyond current authentication","owner|admin + required line_account context + scenarios.update","unauthenticated=401; staff role=403; cookie without CSRF=403; non-selected LINE account ID/query swap=404","line_account_id backfill/derivation + line_account context predicate + account-prefixed index","yes","apps/worker/src/routes/scenarios.ts","412"
"/api/scenarios/:id/steps/reorder","POST","scenarios","create","line_account","Bearer API key or authenticated session cookie","none beyond current authentication","owner|admin + required line_account context + scenarios.create","unauthenticated=401; staff role=403; cookie without CSRF=403; non-selected LINE account ID/query swap=404","line_account_id backfill/derivation + line_account context predicate + account-prefixed index","yes","apps/worker/src/routes/scenarios.ts","589"
"/api/scoring-rules","GET","scoring-rules","list","line_account","Bearer API key or authenticated session cookie","none beyond current authentication","owner|admin|staff + required line_account context + scoring-rules.read","unauthenticated=401; non-selected LINE account ID/query swap=404","line_account_id backfill/derivation + line_account context predicate + account-prefixed index","yes","apps/worker/src/routes/scoring.ts","18"
"/api/scoring-rules","POST","scoring-rules","create","line_account","Bearer API key or authenticated session cookie","none beyond current authentication","owner|admin + required line_account context + scoring-rules.create","unauthenticated=401; staff role=403; cookie without CSRF=403; non-selected LINE account ID/query swap=404","line_account_id backfill/derivation + line_account context predicate + account-prefixed index","yes","apps/worker/src/routes/scoring.ts","53"
"/api/scoring-rules/:id","DELETE","scoring-rules","delete","line_account","Bearer API key or authenticated session cookie","none beyond current authentication","owner|admin + required line_account context + scoring-rules.delete","unauthenticated=401; staff role=403; cookie without CSRF=403; non-selected LINE account ID/query swap=404","line_account_id backfill/derivation + line_account context predicate + account-prefixed index","yes","apps/worker/src/routes/scoring.ts","81"
"/api/scoring-rules/:id","GET","scoring-rules","read","line_account","Bearer API key or authenticated session cookie","none beyond current authentication","owner|admin|staff + required line_account context + scoring-rules.read","unauthenticated=401; non-selected LINE account ID/query swap=404","line_account_id backfill/derivation + line_account context predicate + account-prefixed index","yes","apps/worker/src/routes/scoring.ts","39"
"/api/scoring-rules/:id","PUT","scoring-rules","update","line_account","Bearer API key or authenticated session cookie","none beyond current authentication","owner|admin + required line_account context + scoring-rules.update","unauthenticated=401; staff role=403; cookie without CSRF=403; non-selected LINE account ID/query swap=404","line_account_id backfill/derivation + line_account context predicate + account-prefixed index","yes","apps/worker/src/routes/scoring.ts","67"
"/api/segments/count","POST","segments","create","line_account","Bearer API key or authenticated session cookie","account predicate/derivation present in handler","owner|admin + required line_account context + segments.create","unauthenticated=401; staff role=403; cookie without CSRF=403; non-selected LINE account ID/query swap=404","line_account_id backfill/derivation + line_account context predicate + account-prefixed index","yes","apps/worker/src/routes/broadcasts.ts","903"
"/api/staff","GET","staff","list","deployment","Bearer API key or authenticated session cookie","role allowlist:owner","owner + deployment.staff_manage","unauthenticated=401; non-selected LINE account ID/query swap=404","no tenant-key migration; enforce deployment role policy and audit","yes","apps/worker/src/routes/staff.ts","73"
"/api/staff","POST","staff","create","deployment","Bearer API key or authenticated session cookie","role allowlist:owner","owner + deployment.staff_manage","unauthenticated=401; staff role=403; cookie without CSRF=403; non-selected LINE account ID/query swap=404","no tenant-key migration; enforce deployment role policy and audit","yes","apps/worker/src/routes/staff.ts","99"
"/api/staff/:id","DELETE","staff","delete","deployment","Bearer API key or authenticated session cookie","role allowlist:owner","owner + deployment.staff_manage","unauthenticated=401; staff role=403; cookie without CSRF=403; non-selected LINE account ID/query swap=404","no tenant-key migration; enforce deployment role policy and audit","yes","apps/worker/src/routes/staff.ts","178"
"/api/staff/:id","GET","staff","read","deployment","Bearer API key or authenticated session cookie","role allowlist:owner","owner + deployment.staff_manage","unauthenticated=401; non-selected LINE account ID/query swap=404","no tenant-key migration; enforce deployment role policy and audit","yes","apps/worker/src/routes/staff.ts","84"
"/api/staff/:id","PATCH","staff","update","deployment","Bearer API key or authenticated session cookie","role allowlist:owner","owner + deployment.staff_manage","unauthenticated=401; staff role=403; cookie without CSRF=403; non-selected LINE account ID/query swap=404","no tenant-key migration; enforce deployment role policy and audit","yes","apps/worker/src/routes/staff.ts","127"
"/api/staff/:id/regenerate-key","POST","staff","regenerate_key","deployment","Bearer API key or authenticated session cookie","role allowlist:owner","owner + deployment.staff_manage","unauthenticated=401; staff role=403; cookie without CSRF=403; non-selected LINE account ID/query swap=404","no tenant-key migration; enforce deployment role policy and audit","yes","apps/worker/src/routes/staff.ts","208"
"/api/staff/me","GET","staff","list","deployment","Bearer API key or authenticated session cookie","none beyond current authentication","owner + deployment.staff_manage","unauthenticated=401; non-selected LINE account ID/query swap=404","no tenant-key migration; enforce deployment role policy and audit","yes","apps/worker/src/routes/staff.ts","35"
"/api/tags","GET","tags","list","line_account","Bearer API key or authenticated session cookie","none beyond current authentication","owner|admin|staff + required line_account context + tags.read","unauthenticated=401; non-selected LINE account ID/query swap=404","line_account_id backfill/derivation + line_account context predicate + account-prefixed index","yes","apps/worker/src/routes/tags.ts","18"
"/api/tags","POST","tags","create","line_account","Bearer API key or authenticated session cookie","none beyond current authentication","owner|admin + required line_account context + tags.create","unauthenticated=401; staff role=403; cookie without CSRF=403; non-selected LINE account ID/query swap=404","line_account_id backfill/derivation + line_account context predicate + account-prefixed index","yes","apps/worker/src/routes/tags.ts","29"
"/api/tags/:id","DELETE","tags","delete","line_account","Bearer API key or authenticated session cookie","none beyond current authentication","owner|admin + required line_account context + tags.delete","unauthenticated=401; staff role=403; cookie without CSRF=403; non-selected LINE account ID/query swap=404","line_account_id backfill/derivation + line_account context predicate + account-prefixed index","yes","apps/worker/src/routes/tags.ts","50"
"/api/templates","GET","templates","list","line_account","Bearer API key or authenticated session cookie","none beyond current authentication","owner|admin|staff + required line_account context + templates.read","unauthenticated=401; non-selected LINE account ID/query swap=404","line_account_id backfill/derivation + line_account context predicate + account-prefixed index","yes","apps/worker/src/routes/templates.ts","14"
"/api/templates","POST","templates","create","line_account","Bearer API key or authenticated session cookie","none beyond current authentication","owner|admin + required line_account context + templates.create","unauthenticated=401; staff role=403; cookie without CSRF=403; non-selected LINE account ID/query swap=404","line_account_id backfill/derivation + line_account context predicate + account-prefixed index","yes","apps/worker/src/routes/templates.ts","121"
"/api/templates/:id","DELETE","templates","delete","line_account","Bearer API key or authenticated session cookie","none beyond current authentication","owner|admin + required line_account context + templates.delete","unauthenticated=401; staff role=403; cookie without CSRF=403; non-selected LINE account ID/query swap=404","line_account_id backfill/derivation + line_account context predicate + account-prefixed index","yes","apps/worker/src/routes/templates.ts","152"
"/api/templates/:id","GET","templates","read","line_account","Bearer API key or authenticated session cookie","none beyond current authentication","owner|admin|staff + required line_account context + templates.read","unauthenticated=401; non-selected LINE account ID/query swap=404","line_account_id backfill/derivation + line_account context predicate + account-prefixed index","yes","apps/worker/src/routes/templates.ts","37"
"/api/templates/:id","PUT","templates","update","line_account","Bearer API key or authenticated session cookie","none beyond current authentication","owner|admin + required line_account context + templates.update","unauthenticated=401; staff role=403; cookie without CSRF=403; non-selected LINE account ID/query swap=404","line_account_id backfill/derivation + line_account context predicate + account-prefixed index","yes","apps/worker/src/routes/templates.ts","135"
"/api/templates/:id/usages","GET","templates","read","line_account","Bearer API key or authenticated session cookie","account predicate/derivation present in handler","owner|admin|staff + required line_account context + templates.read","unauthenticated=401; non-selected LINE account ID/query swap=404","line_account_id backfill/derivation + line_account context predicate + account-prefixed index","yes","apps/worker/src/routes/templates.ts","63"
"/api/tracked-links","GET","tracked-links","list","line_account","Bearer API key or authenticated session cookie","none beyond current authentication","owner|admin|staff + required line_account context + tracked-links.read","unauthenticated=401; non-selected LINE account ID/query swap=404","line_account_id backfill/derivation + line_account context predicate + account-prefixed index","yes","apps/worker/src/routes/tracked-links.ts","83"
"/api/tracked-links","POST","tracked-links","create","line_account","Bearer API key or authenticated session cookie","account predicate/derivation present in handler","owner|admin + required line_account context + tracked-links.create","unauthenticated=401; staff role=403; cookie without CSRF=403; non-selected LINE account ID/query swap=404","line_account_id backfill/derivation + line_account context predicate + account-prefixed index","yes","apps/worker/src/routes/tracked-links.ts","123"
"/api/tracked-links/:id","DELETE","tracked-links","delete","line_account","Bearer API key or authenticated session cookie","none beyond current authentication","owner|admin + required line_account context + tracked-links.delete","unauthenticated=401; staff role=403; cookie without CSRF=403; non-selected LINE account ID/query swap=404","line_account_id backfill/derivation + line_account context predicate + account-prefixed index","yes","apps/worker/src/routes/tracked-links.ts","193"
"/api/tracked-links/:id","GET","tracked-links","read","line_account","Bearer API key or authenticated session cookie","none beyond current authentication","owner|admin|staff + required line_account context + tracked-links.read","unauthenticated=401; non-selected LINE account ID/query swap=404","line_account_id backfill/derivation + line_account context predicate + account-prefixed index","yes","apps/worker/src/routes/tracked-links.ts","95"
"/api/tracked-links/:id","PATCH","tracked-links","update","line_account","Bearer API key or authenticated session cookie","account predicate/derivation present in handler","owner|admin + required line_account context + tracked-links.update","unauthenticated=401; staff role=403; cookie without CSRF=403; non-selected LINE account ID/query swap=404","line_account_id backfill/derivation + line_account context predicate + account-prefixed index","yes","apps/worker/src/routes/tracked-links.ts","164"
"/api/traffic-pools","GET","traffic-pools","list","cross_account","Bearer API key or authenticated session cookie","none beyond current authentication","owner|admin + explicit target LINE account set + audit + cross_account.traffic-pools.list","unauthenticated=401; non-selected LINE account ID/query swap=404; undeclared target LINE account rejects the whole operation","no enterprise tenant migration; add explicit target LINE account snapshot, authorization decision, and audit record","yes","apps/worker/src/routes/traffic-pools.ts","57"
"/api/traffic-pools","POST","traffic-pools","create","cross_account","Bearer API key or authenticated session cookie","none beyond current authentication","owner|admin + explicit target LINE account set + audit + cross_account.traffic-pools.create","unauthenticated=401; staff role=403; cookie without CSRF=403; non-selected LINE account ID/query swap=404; undeclared target LINE account rejects the whole operation","no enterprise tenant migration; add explicit target LINE account snapshot, authorization decision, and audit record","yes","apps/worker/src/routes/traffic-pools.ts","68"
"/api/traffic-pools/:id","DELETE","traffic-pools","delete","cross_account","Bearer API key or authenticated session cookie","none beyond current authentication","owner|admin + explicit target LINE account set + audit + cross_account.traffic-pools.delete","unauthenticated=401; staff role=403; cookie without CSRF=403; non-selected LINE account ID/query swap=404; undeclared target LINE account rejects the whole operation","no enterprise tenant migration; add explicit target LINE account snapshot, authorization decision, and audit record","yes","apps/worker/src/routes/traffic-pools.ts","119"
"/api/traffic-pools/:id","PUT","traffic-pools","update","cross_account","Bearer API key or authenticated session cookie","none beyond current authentication","owner|admin + explicit target LINE account set + audit + cross_account.traffic-pools.update","unauthenticated=401; staff role=403; cookie without CSRF=403; non-selected LINE account ID/query swap=404; undeclared target LINE account rejects the whole operation","no enterprise tenant migration; add explicit target LINE account snapshot, authorization decision, and audit record","yes","apps/worker/src/routes/traffic-pools.ts","93"
"/api/traffic-pools/:id/accounts","GET","traffic-pools","read","cross_account","Bearer API key or authenticated session cookie","none beyond current authentication","owner|admin + explicit target LINE account set + audit + cross_account.traffic-pools.read","unauthenticated=401; non-selected LINE account ID/query swap=404; undeclared target LINE account rejects the whole operation","no enterprise tenant migration; add explicit target LINE account snapshot, authorization decision, and audit record","yes","apps/worker/src/routes/traffic-pools.ts","153"
"/api/traffic-pools/:id/accounts","POST","traffic-pools","create","cross_account","Bearer API key or authenticated session cookie","account predicate/derivation present in handler","owner|admin + explicit target LINE account set + audit + cross_account.traffic-pools.create","unauthenticated=401; staff role=403; cookie without CSRF=403; non-selected LINE account ID/query swap=404; undeclared target LINE account rejects the whole operation","no enterprise tenant migration; add explicit target LINE account snapshot, authorization decision, and audit record","yes","apps/worker/src/routes/traffic-pools.ts","164"
"/api/traffic-pools/:id/accounts/:accountId","DELETE","traffic-pools","delete","cross_account","Bearer API key or authenticated session cookie","account predicate/derivation present in handler","owner|admin + explicit target LINE account set + audit + cross_account.traffic-pools.delete","unauthenticated=401; staff role=403; cookie without CSRF=403; non-selected LINE account ID/query swap=404; undeclared target LINE account rejects the whole operation","no enterprise tenant migration; add explicit target LINE account snapshot, authorization decision, and audit record","yes","apps/worker/src/routes/traffic-pools.ts","195"
"/api/traffic-pools/:id/accounts/:accountId","PUT","traffic-pools","update","cross_account","Bearer API key or authenticated session cookie","account predicate/derivation present in handler","owner|admin + explicit target LINE account set + audit + cross_account.traffic-pools.update","unauthenticated=401; staff role=403; cookie without CSRF=403; non-selected LINE account ID/query swap=404; undeclared target LINE account rejects the whole operation","no enterprise tenant migration; add explicit target LINE account snapshot, authorization decision, and audit record","yes","apps/worker/src/routes/traffic-pools.ts","182"
"/api/users","GET","users","list","cross_account","Bearer API key or authenticated session cookie","role allowlist:owner|admin; target LINE account set not yet enforced","owner|admin + explicit target LINE account set + audit + cross_account.users.list","unauthenticated=401; non-selected LINE account ID/query swap=404; undeclared target LINE account rejects the whole operation","no enterprise tenant migration; add explicit target LINE account snapshot, authorization decision, and audit record","yes","apps/worker/src/routes/users.ts","38"
"/api/users","POST","users","create","cross_account","Bearer API key or authenticated session cookie","role allowlist:owner|admin; target LINE account set not yet enforced","owner|admin + explicit target LINE account set + audit + cross_account.users.create","unauthenticated=401; staff role=403; cookie without CSRF=403; non-selected LINE account ID/query swap=404; undeclared target LINE account rejects the whole operation","no enterprise tenant migration; add explicit target LINE account snapshot, authorization decision, and audit record","yes","apps/worker/src/routes/users.ts","64"
"/api/users-grouped","GET","users-grouped","list","cross_account","Bearer API key or authenticated session cookie","role allowlist:owner|admin; target LINE account set not yet enforced","owner|admin + explicit target LINE account set + audit + cross_account.users-grouped.list","unauthenticated=401; non-selected LINE account ID/query swap=404; undeclared target LINE account rejects the whole operation","no enterprise tenant migration; add explicit target LINE account snapshot, authorization decision, and audit record","yes","apps/worker/src/routes/users-grouped.ts","8"
"/api/users/:id","DELETE","users","delete","cross_account","Bearer API key or authenticated session cookie","role allowlist:owner|admin; target LINE account set not yet enforced","owner|admin + explicit target LINE account set + audit + cross_account.users.delete","unauthenticated=401; staff role=403; cookie without CSRF=403; non-selected LINE account ID/query swap=404; undeclared target LINE account rejects the whole operation","no enterprise tenant migration; add explicit target LINE account snapshot, authorization decision, and audit record","yes","apps/worker/src/routes/users.ts","110"
"/api/users/:id","GET","users","read","cross_account","Bearer API key or authenticated session cookie","role allowlist:owner|admin; target LINE account set not yet enforced","owner|admin + explicit target LINE account set + audit + cross_account.users.read","unauthenticated=401; non-selected LINE account ID/query swap=404; undeclared target LINE account rejects the whole operation","no enterprise tenant migration; add explicit target LINE account snapshot, authorization decision, and audit record","yes","apps/worker/src/routes/users.ts","49"
"/api/users/:id","PUT","users","update","cross_account","Bearer API key or authenticated session cookie","role allowlist:owner|admin; target LINE account set not yet enforced","owner|admin + explicit target LINE account set + audit + cross_account.users.update","unauthenticated=401; staff role=403; cookie without CSRF=403; non-selected LINE account ID/query swap=404; undeclared target LINE account rejects the whole operation","no enterprise tenant migration; add explicit target LINE account snapshot, authorization decision, and audit record","yes","apps/worker/src/routes/users.ts","82"
"/api/users/:id/accounts","GET","users","read","cross_account","Bearer API key or authenticated session cookie","role allowlist:owner|admin; target LINE account set not yet enforced","owner|admin + explicit target LINE account set + audit + cross_account.users.read","unauthenticated=401; non-selected LINE account ID/query swap=404; undeclared target LINE account rejects the whole operation","no enterprise tenant migration; add explicit target LINE account snapshot, authorization decision, and audit record","yes","apps/worker/src/routes/users.ts","139"
"/api/users/:id/link","POST","users","link","cross_account","Bearer API key or authenticated session cookie","role allowlist:owner|admin; target LINE account set not yet enforced","owner|admin + explicit target LINE account set + audit + cross_account.users.link","unauthenticated=401; staff role=403; cookie without CSRF=403; non-selected LINE account ID/query swap=404; undeclared target LINE account rejects the whole operation","no enterprise tenant migration; add explicit target LINE account snapshot, authorization decision, and audit record","yes","apps/worker/src/routes/users.ts","121"
"/api/users/match","POST","users","match","cross_account","Bearer API key or authenticated session cookie","role allowlist:owner|admin; target LINE account set not yet enforced","owner|admin + explicit target LINE account set + audit + cross_account.users.match","unauthenticated=401; staff role=403; cookie without CSRF=403; non-selected LINE account ID/query swap=404; undeclared target LINE account rejects the whole operation","no enterprise tenant migration; add explicit target LINE account snapshot, authorization decision, and audit record","yes","apps/worker/src/routes/users.ts","159"
"/api/webhooks/incoming","GET","webhooks","list","line_account","Bearer API key or authenticated session cookie","none beyond current authentication","owner|admin|staff + required line_account context + webhooks.read","unauthenticated=401; non-selected LINE account ID/query swap=404","line_account_id backfill/derivation + line_account context predicate + account-prefixed index","yes","apps/worker/src/routes/webhooks.ts","70"
"/api/webhooks/incoming","POST","webhooks","create","line_account","Bearer API key or authenticated session cookie","none beyond current authentication","owner|admin + required line_account context + webhooks.create","unauthenticated=401; staff role=403; cookie without CSRF=403; non-selected LINE account ID/query swap=404","line_account_id backfill/derivation + line_account context predicate + account-prefixed index","yes","apps/worker/src/routes/webhooks.ts","91"
"/api/webhooks/incoming/:id","DELETE","webhooks","delete","line_account","Bearer API key or authenticated session cookie","none beyond current authentication","owner|admin + required line_account context + webhooks.delete","unauthenticated=401; staff role=403; cookie without CSRF=403; non-selected LINE account ID/query swap=404","line_account_id backfill/derivation + line_account context predicate + account-prefixed index","yes","apps/worker/src/routes/webhooks.ts","177"
"/api/webhooks/incoming/:id","PUT","webhooks","update","line_account","Bearer API key or authenticated session cookie","none beyond current authentication","owner|admin + required line_account context + webhooks.update","unauthenticated=401; staff role=403; cookie without CSRF=403; non-selected LINE account ID/query swap=404","line_account_id backfill/derivation + line_account context predicate + account-prefixed index","yes","apps/worker/src/routes/webhooks.ts","128"
"/api/webhooks/incoming/:id/receive","POST","webhooks","receive","line_account","incoming webhook HMAC signature","request signature","service:incoming_webhook + valid HMAC + required line_account context/binding + replay protection","missing/invalid signature=401; stale timestamp/replay rejected; account mismatch rejected; no side effect","bind public identity/capability to deployment and line_account; add replay/idempotency audit fields where state changes","yes","apps/worker/src/routes/webhooks.ts","341"
"/api/webhooks/outgoing","GET","webhooks","list","line_account","Bearer API key or authenticated session cookie","none beyond current authentication","owner|admin|staff + required line_account context + webhooks.read","unauthenticated=401; non-selected LINE account ID/query swap=404","line_account_id backfill/derivation + line_account context predicate + account-prefixed index","yes","apps/worker/src/routes/webhooks.ts","189"
"/api/webhooks/outgoing","POST","webhooks","create","line_account","Bearer API key or authenticated session cookie","none beyond current authentication","owner|admin + required line_account context + webhooks.create","unauthenticated=401; staff role=403; cookie without CSRF=403; non-selected LINE account ID/query swap=404","line_account_id backfill/derivation + line_account context predicate + account-prefixed index","yes","apps/worker/src/routes/webhooks.ts","211"
"/api/webhooks/outgoing/:id","DELETE","webhooks","delete","line_account","Bearer API key or authenticated session cookie","none beyond current authentication","owner|admin + required line_account context + webhooks.delete","unauthenticated=401; staff role=403; cookie without CSRF=403; non-selected LINE account ID/query swap=404","line_account_id backfill/derivation + line_account context predicate + account-prefixed index","yes","apps/worker/src/routes/webhooks.ts","329"
"/api/webhooks/outgoing/:id","PUT","webhooks","update","line_account","Bearer API key or authenticated session cookie","none beyond current authentication","owner|admin + required line_account context + webhooks.update","unauthenticated=401; staff role=403; cookie without CSRF=403; non-selected LINE account ID/query swap=404","line_account_id backfill/derivation + line_account context predicate + account-prefixed index","yes","apps/worker/src/routes/webhooks.ts","258"
"/auth/callback","GET","auth","callback","deployment","LINE OAuth code/state flow","account predicate/derivation present in handler","signed/capability-scoped service action; no ambient public write","unauthenticated=401; staff role=403; cookie without CSRF=403; non-selected LINE account ID/query swap=404","no tenant-key migration; enforce deployment role policy and audit","yes","apps/worker/src/routes/liff.ts","573"
"/auth/line","GET","auth","list","deployment","LINE OAuth code/state flow","account predicate/derivation present in handler","public read limited to published/non-secret data","unauthenticated=401; non-selected LINE account ID/query swap=404","no tenant-key migration; enforce deployment role policy and audit","yes","apps/worker/src/routes/liff.ts","279"
"/auth/oauth","GET","auth","list","deployment","LINE OAuth code/state flow","none beyond current authentication","public read limited to published/non-secret data","unauthenticated=401; non-selected LINE account ID/query swap=404","no tenant-key migration; enforce deployment role policy and audit","yes","apps/worker/src/routes/liff.ts","500"
"/book","GET","book","list","line_account","Bearer API key or authenticated session cookie","none beyond current authentication","owner|admin|staff + required line_account context + book.read","unauthenticated=401; non-selected LINE account ID/query swap=404","line_account_id backfill/derivation + line_account context predicate + account-prefixed index","yes","apps/worker/src/index.ts","701"
"/docs","GET","docs","list","system","none (public operational/read endpoint)","none beyond current authentication","public read limited to published/non-secret data","unexpected Authorization does not widen data; unpublished/secret/cross-account object=404; mutation is rate-limited and replay-safe","no tenant-key migration; preserve operational authentication and audit","yes","apps/worker/src/routes/openapi.ts","577"
"/health","GET","health","list","system","Bearer API key or authenticated session cookie","none beyond current authentication","owner|admin|staff + health.read","unauthenticated=401","no tenant-key migration; preserve operational authentication and audit","yes","apps/worker/src/routes/health.ts","22"
"/images/:key","GET","images","read","line_account","none (public redirect/asset endpoint)","none beyond current authentication","public read limited to published/non-secret data + required line_account context","unexpected Authorization does not widen data; unpublished/secret/cross-account object=404; mutation is rate-limited and replay-safe","bind public identity/capability to deployment and line_account; add replay/idempotency audit fields where state changes","yes","apps/worker/src/routes/images.ts","76"
"/o","GET","o","list","line_account","Bearer API key or authenticated session cookie","none beyond current authentication","owner|admin|staff + required line_account context + o.read","unauthenticated=401; non-selected LINE account ID/query swap=404","line_account_id backfill/derivation + line_account context predicate + account-prefixed index","yes","apps/worker/src/index.ts","603"
"/openapi.json","GET","openapi.json","list","system","none (public operational/read endpoint)","none beyond current authentication","public read limited to published/non-secret data","unexpected Authorization does not widen data; unpublished/secret/cross-account object=404; mutation is rate-limited and replay-safe","no tenant-key migration; preserve operational authentication and audit","yes","apps/worker/src/routes/openapi.ts","572"
"/pool/:slug","GET","pool","read","cross_account","none (public redirect/asset endpoint)","none beyond current authentication","public capability + explicit server-resolved target LINE account + audit; no caller-controlled target expansion","unexpected Authorization does not widen data; unpublished/secret/cross-account object=404; mutation is rate-limited and replay-safe","no enterprise tenant migration; add explicit target LINE account snapshot, authorization decision, and audit record","yes","apps/worker/src/routes/traffic-pools.ts","35"
"/r/:ref","GET","r","read","cross_account","none (public redirect/asset endpoint)","account predicate/derivation present in handler","public capability + explicit server-resolved target LINE account + audit; no caller-controlled target expansion","unexpected Authorization does not widen data; unpublished/secret/cross-account object=404; mutation is rate-limited and replay-safe","no enterprise tenant migration; add explicit target LINE account snapshot, authorization decision, and audit record","yes","apps/worker/src/index.ts","235"
"/r/:ref/help","GET","r","read","cross_account","none (public redirect/asset endpoint)","none beyond current authentication","public capability + explicit server-resolved target LINE account + audit; no caller-controlled target expansion","unexpected Authorization does not widen data; unpublished/secret/cross-account object=404; mutation is rate-limited and replay-safe","no enterprise tenant migration; add explicit target LINE account snapshot, authorization decision, and audit record","yes","apps/worker/src/index.ts","450"
"/setup","GET","setup","list","system","none (bootstrap endpoint)","none beyond current authentication","public read limited to published/non-secret data","unexpected Authorization does not widen data; unpublished/secret/cross-account object=404; mutation is rate-limited and replay-safe","no tenant-key migration; preserve operational authentication and audit","yes","apps/worker/src/routes/setup.ts","6"
"/t/:linkId","GET","t","read","line_account","none (public redirect/asset endpoint)","account predicate/derivation present in handler","public read limited to published/non-secret data + required line_account context","unexpected Authorization does not widen data; unpublished/secret/cross-account object=404; mutation is rate-limited and replay-safe","bind public identity/capability to deployment and line_account; add replay/idempotency audit fields where state changes","yes","apps/worker/src/routes/tracked-links.ts","283"
"/webhook","POST","webhook","create","line_account","LINE X-Line-Signature verification","valid signature selects one active line_account; replay guard not yet enforced","service:line_webhook + valid signature + resolved required line_account context + replay protection","missing/malformed/invalid signature has no side effect; account-A signature cannot select account B; replay has no duplicate side effect","bind all reads/writes to resolved line_account; add replay/idempotency ledger and audit; no deployment tenant migration","yes","apps/worker/src/routes/webhook.ts","71"
